id,lang_id,arabic_name,english_name,translation,description,wazeefa
1,1,أَللّٰه,Allah,The name ‘Allah’ solely belongs to the One and Only God,"""Allah"" is the personal name of god. Who is one, the owner of entire universes without any partnership. Neither He has born someone nor He is born by anyone. He is unique in His personality and characteristics and no-one other then His is able to worship.","""""""Recite it as many times as possible for fulfilment of hajat.""""
"""
2,1,الرَّحمٰنُ,Ar-Rahman,The Merciful,He who gives blessings and prosperity to all beings without showing disparity.,"Repeat Ya Rahman 100x after wajib salaa to develop a good memory, keen awareness and be freed of a heavy heart."
3,1,الرَّحِيمُ,Ar-Rahim,The Compassionate,"He who gives blessings and prosparity, particularly to those who use these gifts as Allah has said, and is merciful to the believers in the hereafter.",Repeat Ya Rahim 100x after Salatul Fajr for friendship. Recite 100x after every salaa for safety from calamities.
4,1,المَلِكُ,Al-Malik,The King / Sovereign,"Who is original owner and the real king of the universe, and everything is in His Hand","""Recite Ya Malik frequently and you may be treated with respect by others. Read after noon for abundant wealth. Prophet
Khidr taught dua “Allahumma atal Malikul
Haqq. Allazhiy laa ilaaha illaa anta. Ya Allahu, Ya Salaamu, Ya Shaafiy” followed by Ya Shaafiyal Quloob” 3x"""
5,1,القُدُّوسُ,Al-Quddus,The Holy,"He who is free from all errors, absentmindedness, is free from incapability and from any kind of defect.","Recite Ya Quddoos at sunset for expansion of the heart. Also recite to free heart from thoughts that cause trouble, worry and pain."
6,1,السَّلَامُ,As-Salam,The Flawless,He who free his servant from all danger and obstructions. He who gives His greeting to those fortunate people in haven .,Recite Ya Salaam 100x to regain health. Recite 115x and blow on sick person for shifa.
7,1,المُؤمِنُ,Al-M’umin,The Giver of Faith,"He who places faith in the heart of His servants, protects those who seek refuge in him, and gives tranquillity.",Recite Ya Mu’min to be freed from the harm of the ego. Recite 36x when faced with danger and hostility. Write on paper and keep for safety.
8,1,المُهَيمِنُ,Al-Muhaymin,The Guardian,He who watches over and protects all things.,Recite Ya Muhaymin after wudhoo 115x for inner illumination. Recite 5000x for 7 days for  success.
9,1,العَزِيزُ,Al-A’ziz,The Incomparable,the all mighty the unconquerable.,"Recite ya ‘Azeez for forty days between wajib salaa, for independence. Recite 41x fajar salaa for acquaintance with the unseen."
10,1,الجَبَّارُ,Al-Jabbar,The Compeller,"He who repairs all broken things, Who completes that which is incomplete, and Who has the ability, with force, to make people do whatever He wants.","""Recite Ya Jabbar 262x every day each
time and you should not be compelled to do anything. Recite for safety against
tyrant. If engraved on a ring it will enhance presence in front of others."""
11,1,المُتَكَبِّرُ,Al-Mutakabbir,The Proud,He who shows His greatness in all things and in all ways.,Begin every act with Ya Mutakkabir for successful completion. Recite 10x before intimacy for a righteous child.
12,1,الخَالِقُ,Al-Khaliq,The Creator,He who creates every thing from nothing and creates all things with the knowledge of what will happen to them.,"""Recite ya Khaliq 100x at seven nights to
act for His sake. If recited at night angels will pray till the end of the night."""
13,1,البَارِئُ,Al-Bari,The Maker of Perfect Harmony,He who creates all things in proportion.,"Recite ya Baari’ frequently and hard work should become easy. For conceiving fast for 7 days and break fast with ‘Ya Khaaliq, Ya Baari’, Ya Musawwiru’ 21 times"
14,1,المُصَوِّرُ,Al-Musawwir,The Shaper of Unique Beauty,He who designs and fashion all things.,Recite Ya Musawwir frequently and hard work should become easy.
15,1,الغَفَّارُ,Al-Ghaffar,The Forgiver,He who is all-forgiving and forgive all sins.,Recite to subdue anger. Recite 100x after Salatul Asr’ for forgiveness of previous week’s faults.
16,1,القَهَّارُ,Al-Qahhar,The Subduer,He who is victorious and dominate in a way that He can do anything He wills.,"""Recite Ya Qahhar 100x after fajr salaa to overcome your enemy. Repeat Ya Qahhar
frequently, to gain inner peace and be freed from being wronged by another."""
17,1,الوَهَّابُ,Al-Wahhab,The Bestower,He who donates all blessings to His creatures.,"Repeat Ya Wahhab 7x at midnight for dua to be answered. If you have a desire, or cannot earn enough, repeat Ya Wahhab for three or seven nights 100x after a two rakat midnight salaa. For hajat, do 3 sajdas in the courtyard of a masjid or your home and repeat Ya Wahhab 100x."
18,1,الرَزَّاقُ,Ar-Razzaq,The Provider,He who provides all things beneficial to creatures.,"""Repeat Ya Razzaq 10x facing qiblah and then 10x in other 3 directions to remove
poverty. Repeat 545x for increased
sustenance. Write and hang in workplace
to be successful. Recite 100x after Salatul Jumua’ if stressed and depressed."""
19,1,الفَتَّاحُ,Al-Fattah,The Opener,"He who open the solution of all problems, and eliminates obstacles.","With hands on your chest, repeat ya Fattah 70x after Salatul Fajr for the heart to be free of rust and be opened, given victory over the ego and be purified."
20,1,العَلِيمُ,Al-A’lim,The Knower,He who is all-knowing.,"Recite ya ‘Aleem 100 times after every wajib salaa for intuition. For hidden knowledge, do sijda on Friday night and say ya ‘Aleem 100 times. Recite ya ‘Aleem for the heart to be illuminated. For haajat, go outside, pray 2 rakat salaa and then recite ya ‘Aleem 1000 times."
21,1,القَابِضُ,Al-Qabid,The Constrictor,He who constricts and who has power over all things.,"""Write Ya Qabidh on a piece of bread with
your finger and eat it for 40 days to be safe from hunger, thirst, pain and the punishment of the grave. Recite 903x for safety from tyranny."""
22,1,البَاسِطُ,Al-Basit,The Expander,He who is the expander,"""Recite frequently for peace of mind, freedom from stress, and to gain love and
respect. Recite ya Basitu 10x after Salatul Fajr with open hands, and pass over face for self sufficency."""
23,1,الخَافِضُ,Al-Khafid,The Abaser,He who diminishes or decreases,"Fast for three days and on the fourth day, recite Ya Khafidh 70, times and you should be free from harm. Recite 10x every day for honour."
24,1,الرَّافِعُ,Ar-Rafi,The Exalter,He who the uplifts and the exalter,"""Recite Ya Rafi’ 100x on Thursday and Sunday night to attain a higher sense of
honour, richness and merit."""
25,1,المُعِزُّ,Al-Mu’izz,The Honourer,"He who makes one glorious, gives dignity, and treats one with respect","""Repeat Ya Mu’izz 140 x after Maghrib salaa on Monday and Friday to develop
dignity in eyes of others and fear no one but God."""
26,1,المُذِلُّ,Al-Muzil,The Dishonourer,He who lowers and puts one in the abasement and disgradation,"Recite Ya Muzhill 75 times when you sense harm from a jealous person. If you go to sijda and say, “Oh God save me from the oppression of so and so…” and you should be safe."
27,1,السَّمِيعُ,As-Sami,The All Hearing,He who hears everything,Recite Ya Sami’ 500x after Zhuhr salaa for hajat in Thersday. Recite so that one’s words have a greater effect.
28,1,البَصِيرُ,Al-Basir,The All Seeing,He who sees everything,"""Recite 100x Ya Allahu, Ya Baseer before Salatul Jumua’ for success in any task.
Recite Ya Baseer 100x after Salatul Jumua’ to raise esteem, strength in eyesight and illumination of heart."""
29,1,الحَكَمُ,Al-Hakam,The Arbiter,He who judges and provides what is due,Recite Ya Hakam on Thursday night in the middle of the night frequently to know the hidden meanings in things.
30,1,العَدلُ,Al-Adl,The Just,The just one,Write ya ‘Adl on a piece of bread on Thursday night for obedience.
31,1,اللَّطِيفُ,Al-Latif,The Subtle,"He who knows the delicate meanings of everything, He who creates things most subtle, which can not be understood by people, and He who gives blessings to people in the most subtle ways","""Recite Ya Lateef 129x when stressed or depressed. Recite “Allahu Lateefun bi ‘ibaadihi yarzuku manyashaau wa huwal
Qawiyyul ‘Azeez” (12:100) 9x daily for ease. Recite 133x for abundance in sustenance. After 2 rakaats salaa recite it
11x for deliverance from poverty, illness, sickness, loneliness and misery."""
32,1,الخَبِيرُ,Al-Khabir,The Aware,"He who has knowledge of the most secret parts of everything, and knows their inner meanings",Recite Ya Khabir frequently to be freed of bad habits. Recite it for 7 days to perceive hidden secrets.
33,1,الحَلِيمُ,Al-Halim,The Forbearer,One He who is element and the Forbearing,"""Recite 88x for subsidence of anger.
Write ya Haleem on a piece of paper and place where you plant something to preserve it from harm. Recite on an apple and give to spouse who has fallen out of love to restore affection. Recite on water for plants for better growth."""
34,1,العَظِيمُ,Al-A’zim,The Magnificent,He who is magnificent,"""Recite ya ‘Aziem frequently to develop
respect among people. Recite 100x for success and protection from harm of enemies."""
35,1,الغَفُورُ,Al-Ghafur,The Concealer of Faults,He who forgives all,"Recite Ya Ghafur frequently for headaches, fever or temporary despair and despondency. Recite 100x after Salatul Jumua’ for relief from a heavy heart due to sins and forgiveness of the sins."
36,1,الشَّكُورُ,Ash-Shakur,The Rewarder of Thankfulness,He who is grateful and gives rewards for deeds none for him,Repeat Ya Shakur 41x on water and wash your face to lighten a heavy heart and maintain composure. Recite 41x for any difficulty.
37,1,العَلِيُّ,Al-A’li,The Highest,The most high,"Constant recitation improves conditions – poor becomes richer, troubled becomes at peace….. If faith is low repeat Ya ‘Ali frequently. 41x for relief from difficulty."
38,1,الكَبِيرُ,Al-Kabir,The Greatest,He who is most great,If someone has lost his job or been demoted unjustly or has debts which cannot be paid – fast for 7 days and recite – Yaa Kabeeru antallazhee laa tahdil ‘uqulu liy wasfi ‘azhamatihi 1000x. Recite 232x over food and give to couple having marital problems.
39,1,الحَفِيظُ,Al-Hafiz,The Preserver,"He who preserves all things in detail, and preserves them from misfortune and calamity",Recite ya Hafeezh frequently a day for protection from calamities.
40,1,المُقِيتُ,Al-Muqit,The Maintainer,He who sustains,"Recite and write 7x over water –drink from the water during a journey for strength to bear the difficulties of travel. If someone is ill-mannered, repeat Ya Muqeet several times into a glass of water and give it to the person to drink. Recite 7x on water for fulfilment of hajat."
41,1,الحَسِيبُ,Al-Hasib,The Reckoner,He who knows in detail the account of things people do throughout their lives,"Repeat ya Haseeb 70x on Thursday for seven days and nights and the 71st time say, “Allah al-Haseeb,” “God is my Reckoner,” and you should be freed from fear of being robbed, or the jealousy of another or being harmed. Write on bottle of colicky child."
42,1,الجَلِيلُ,Al-Jalil,The Majestic,One He who has wealth dominion and holiness,Write Ya Jaleel on a piece of paper with saffron and musk ink. Wash the paper and drink self steem.
43,1,الكَرِيمُ,Al-Karim,The Generous,One He who is Generous,Recite 270x for freedom from debt. If recited until one falls asleep then appreciation and help from others. Recite for forgiveness.
44,1,الرَّقِيبُ,Ar-Raqib,The Vigilant,"He who observes all creatures, and every actions under control","Repeat Ya Raqeeb 7x for yourself, family and property to be under Allah’s protection. Recite to find lost thing. Recite 312x to render bad vibes ineffective."
45,1,المُجِيبُ,Al-Mujib,The Responder to prayer,The one who response to every need,Recite Ya Mujeeb to continue to have faith. Recite 55x at sunrise after salaa for hajat. Reciting also helps stop gossip and slander.
46,1,الوَاسِعُ,Al-Wasi,The Vast,"He who is not visible with senses, but exists",Recite Ya Waasi’ frequently if you have difficulty earning a living. Recite 137x to cure depression.
47,1,الحَكِيمُ,Al-Hakim,The Wise,He who has wisdom in all orders and actions,Recite Ya Hakim continuously to overcome difficulties in work and for knowledge and wisdom.
48,1,الوَدُودُ,Al-Wadud,The Loving,He who loves those who do good and bestows on them His compassion. He who is the only one who should be loved and whose friendships to be earned,"If there has been a quarrel between two people and one of the two repeats Ya Wadud 1000x over food and gives the food to the other to eat, the disagreement may be resolved."
49,1,المَجِيدُ,Al-Majid,The Glorious,He who obstruct all evils from harming His friends,"Recite ya Majeed frequently at iftar on the 13th, 14th & 15th of the Lunar month to cure sickness especially psoriasis, heart disease and depression."
50,1,البَاعِثُ,Al-Bais,The Resurrector,One He who gives lives to all creatures on the judgement day,"""Recite Ya Bai’th 101x and to gain taqwa and wisdom. Recite frequently with hand
on chest at bedtime. Recite 7070x to clear name if wrongly accused."""
51,1,الشَّهِيدُ,Ash-Shahid,The Witness,He who is present everywhere and observes all things,Repeat Ya Shaheed 21x with your hand on the forehead of a rebellious child to calm him down. Assists in controlling one’s own disobedience.
52,1,الحَقُّ,Al-Haqq,The Truth,He whose existence has no change,Recite to find lost thing. For sustenance recite 100x La Ilaha Malikul Haqqul Mubeen every day.
53,1,الوَكِيلُ,Al-Wakil,The Trustee,He who provides a means to solve all problems in the best way,"If you are afraid of drowning, being burned in a fire, repeat Ya Wakeel for protection."
54,1,القَوِيُّ,Al-Qawi,The Strong,He who is the most strong,Recite Ya Qawiy for safety from an enemy. Recite 116x for strength to do ibada.
55,1,المَتِينُ,Al-Matin,The Firm,One He who is firm,"""Recite Ya Mateen for your troubles to disappear. To increase breast milk write
on a cup and drink water from it. Recite 500x to eliminate tyranny and negativity from oneself."""
56,1,الوَلِيُّ,Al-Wali,The Friend,He who is the friend of His righteous servants,Recite Ya Waliy frequently to become a Friend of God. Recite in the presence of a spouse who is ill of character.
57,1,الحَمِيدُ,Al-Hamid,The Praised,He who is the only one to be praised and glorified and thanked by all creatures,Repeat Ya Hameed 45 days alone 93+ time be loved and praised. Write on a cup and drink from it for refined speech.
58,1,المُحصِى,Al Muhsi,The Appraiser,"He who knows the number of all things although they cannot be counted, and knows each of them","Recite Ya Muhsi 100x for ease on the Day of Judgement. Recite 148x to assist in understanding and memorisation. Twenty times twenty pieces of bread daily read this name someone who eats, creatures of God, God willing it will be subservient."
59,1,المُبدِئُ,al-Mubdi,The Beginner,Ho who has created for the first time all being from nothing and without any model,Repeat Ya Mubdi’ and breathe towards someone who is about to lose something and that person should become free of danger. Recite to make decisions when undecisive. If a pregnant woman fears a miscarriage then place right hand on the stomach and recite Ya Mubdi’ 99x.
60,1,المُعِيدُ,Al-Muid,The Restorer,He who restores all thing,Repeat Ya Mu’eed 70x for the safe return in seven days [insha allah] of a family member who is away.
61,1,المُحيِى,Al-Muhyi,The Life Giver,He who gives life and health,If you are weighed down with a heavy burden repeat Ya Muhyi 7x daily. Recite 68x after every salaa to cure a chronic illness.
62,1,المُمِيتُ,Al-Mumit,The Life Taker,He who creates death,Recite Ya Mumeet frequently with your hands on your chest on falling asleep to control your passions and destroy your enemy.
63,1,الحَيُّ,Al-Hayy,The Living,is all-knowing and His strength is sufficient for everyone,Recite Ya Hayy frequently for a long life and to cure sickness. Recite 500x before sunrise for peace. Write with musk and rose water on a bowl; wash and drink for shifa from any illness.
64,1,القَيُّومُ,Al-Qayyum,The Self Existing,He who holds the entire universe,Recite Ya Qayyum at the time of Fajr salaa for friendship. Recite 106x daily for memorisation help. Recite it in seclusion for affluence. To remove lethargy and laziness recite Al Hayyu and Al Qayyum after Fajr salaa.
65,1,الوَاجِدُ,Al-Wajid,The Resourceful,He who is magnificent,Repeat Ya Waajid with every morsel of food to become resourceful.
66,1,المَاجِدُ,Al-Majid,The Noble,"He whose highness is grate, Who is beneficent and His munificence is rich",Recite Ya Maajid 465x morning and night to be understood by others. Recite also to understand the language of other creation e.g. animals etc…. This name can be read in isolation so that the divine light Insha Allah  will shows on the heart .
67,1,الأَحَدُ,Al-Wahid,The One,He who is the only one in universe,Repeat Ya Waahid 1000x when you are alone and in a dark place to be free of fear and delusions.
68,1,الصَّمَدُ,As-Samad,The Eternal,He who is the only being to apply to if one has any need to be completed or in troubles to be eliminated,"Repeat Ya Samad 1000x to know the hidden meanings of things. Recite Ya Samad 125x at dawn or at midnight while in sajda, to be safe from oppression. Recite to improve character."
69,1,القَادِرُ,Al-Qadir,The Able,He who is able to do anything in the way He wills,Recite Ya Qaadir while washing and no enemy should harm you. If you face a difficulty recite Ya Qadir 41x to be free from difficulty. Recite 305x when love not responded to.
70,1,المُقتَدِرُ,Al-Muqtadir,The Powerful,He who is more powerful than any being,"Repeat Ya Muqtadir frequently to become aware of the truth. Recite 744x to sharpen the memory. After nap, twenty times recite this name, all the work will be easier."
71,1,المُقَدِّمُ,Al-Muqaddim,The Promoter,He who gives priority to someone others,Repeat Ya Muqaddim on the battlefield or when you are afraid of being alone in a frightening place. Recite to present things in their right places.
72,1,المُؤَخِّرُ,Al-Muakhir,The Postponer,He who delays whatever he wants,Recite Ya Mu’akhkhir 100 times for tawba to be accepted. Recite 1446x before sunrise for 7 days to prevent tyrant from gaining power.
73,1,الأَوَّلُ,Al-Awwal,The First,He who is existed much before the creation of the universe,Recite Ya Awwal 40 times on Thursday night for fulfilment of needs. Recite 1000 times for 40 Fridays for an overwhelming problem and for safe return from journey.
74,1,الآخِرُ,Al-Akhir,The Last,He who remain even after the destruction of this universe,Those who recite Ya Aakhir frequently should lead a good life and have a good end at the time of death. Recite 1000 times on Friday for increased sustenance. Recite frequently as a kaffara for sins.
75,1,الظَّاهِرُ,Az-Zahir,The Manifest,He who evident with all his phenomena,Recite Ya Zhaahir 500x for divine light to enter your heart and in eyes.
76,1,البَاطِنُ,Al-Batin,The Hidden,"He who is not visible with senses, but exists",Recite Ya Baatin 22x to see the truth in things. Recite 33x for enlightenment. For hajat pray 2 rakats salaa after which recite “Huwal Awwalu wal Aakhiru wazh Zhaahiru wal Baatin; wa huwa ‘alaa kulli shayin Qadeer”
77,1,الوَالِي,Al-Wali,The Governor,"He who directs, manages, conducts, measures, plans every action which happens at any moment in the entire universe","""Repeat Ya Waali in your home to be free from danger. Recite 11x to subdue
another’s anger."""
78,1,المُتَعَالِي,Al-Muta’ali,The Exalted,"He who is higher then any action, manner or condition, and any thought that any being may  have. This name indicates that Allah is  High then the most evolved thought of  mankind",Repeat Ya Muta’ali to ease difficulties. Recommend for women tor recite during menstruation to relieve ailments. If demoted recite 540x to be restored to honour. Also effective for interviews.
79,1,البَرُّ,Al-Bar,"""The Source of
Goodness""","He who is tolerant of His servants, to all creatures and is good to them",Repeat Ya Barr frequently to be blessed and be free from misfortune. Recite 7x daily to create aversion to bad habits. If recite 7x on an newborn baby it will give the child protection from calamities.
80,1,التَّوَّابُ,At-Tawwab,The Acceptor of Tawba,He who is the most Strong,Repeat Ya Tawwab 360+ times for acceptance of tawba. Recite frequently for accomplishment of a task. Recite 10x in front of a tyrant to be free from oppression.
81,1,المُنتَقِمُ,Al-Muntaqim,The Avenger,He who constricts,"Repeat Ya Muntaqim to be victorious against your enemy. To remove a tyrant from power, recite Ya Muntaqimu and Ya Qahhaar 1000x."
82,1,العَفُوُّ,Al-A’fuw,The Pardoner,He who pardons all who repent sincerely as if they had no previous sin,Repeat Ya ‘Afw frequently for forgiveness.
83,1,الرَّؤُوفُ,Ar-Rauf,The Clement,He who is benign and compassionate,Repeat Ya Ra’uf frequently to be blessed. Recite also to gain affection of creation.
84,1,مَالِكَ المُلكِ,Malik ul-Mulk,The King of the Kingdom,He who owns all that exists,Recite Ya Malik al Mulk to gain esteem and change doubts into reassurance. Recite 212x daily to gain sustenance from unexpected means.
85,1,ذُو الجَلَالِ وَ الإِكرَامِ,Dhul -Jalali wal-Ikram,The Lord of Majesty & Generosity,"He who is the supreme power, sovereign and munificent",Repeat Ya Dhul jalaal wal ikraam to develop self esteem.
86,1,المُقسِطُ,Al-Muqsit,The Equitable,He who does His work accordingly and in a balanced way,Repeat Ya Muqsit 100x to be free from the harm of your idol/ego and you should attain your purpose. Recite 700x for hajat. If the mind wanders in salaa recite 239x before salaa. Also recite for anger and depression.
87,1,الجَامِعُ,Al-Jaami,The Gatherer,"He who collects thing, gathers them, anywhere He wants, at any time",Repeat Ya Jaami’ to find lost things or be reconciled with someone who has separated. Do ghusl at Zhuhr and lifting gaze towards heavens recite Ya Jaami’ 10x closing each finger as you do so to reconcile dispersed family.
88,1,الغَنِىُّ,Al-Ghani,The Rich,He who is eternal in His self and in His qualities,Repeat Ya Ghani frequently for contentment. Recite 70x daily for abundance in rizq. Recite and blow over body for shifaa from illness.
89,1,المُغنِى,Al-Mughni,The Enricher,"He who is not indigent of any, but all look towards Him for help","Recite Ya Mughni 1000 x every Friday to become selfsufficient. Recite 1121x every Friday for 10 Fridays to eliminate nervous tension. Recite on hands and pass over afflicted part of body to recover. For spiritual and material wealth, recite 11x Salawat,from bigining  followed by 1111x Ya Mughni and end with 11x Salawat ."
90,1,المَانِعُ,Al-Maani,The Protector,He who obstruct all evils from harming His friends,Repeat Ya Maani’ to have a good family life. Recite 20x to subside anger. Recite 161x to help relieve pain and fear. Recite for safety during journeys. Recite silently to rekindle affection between spouses.
91,1,الضَّارُ,Ad-Darr,The Punisher,He who creates that which makes one despondent,Repeat Ya Dharr 100x on Thursday nights to grow closer to Allah. Recite for safety from tyranny.
92,1,النَّافِعُ,An-Nafi,The Beneficial,He who creates all thing which provides goodness and benefit,Recite Ya Nafi’ for 4 days to avoid harm. Recite 41x for completion of task. Provides safety on a journey. Recite before intimacy for pious children.
93,1,النُّورُ,An-Nur,The Light,"He who provides divine light to the entire universe, to the faces, minds and hearts of His servants",Recite Ya Nur 700 times on Thursday night for receive inner light. Recite Surah Nur 7 times and ya Nur 1000 times to gain light in your heart.
94,1,الهَادِي,Al-Hadi,The Guide,"He who guides, gives success and directs His servants to do this beneficial to others",Repeat Ya Haadi frequently to gain spiritual knowledge.
95,1,البَدِيعُ,Al-Badi,The Originator,He who creates wonders in the universe without any design,"Repeat Ya Badi’ 1000 x by saying, “Ya Badi’ assamawati’ wa ‘l-ardh,” for troubles. Relieves depression and stress. Recite before sleeping for guidance on feasibility of task. For accomplishment of a task recite 1200x Ya Badi’ al ajaaib bil khayr. Ya Badi’ for 12 days."
96,1,البَاقِي,Al-Baqi,The Everlasting,"He who was, is and live forever",Recite Ya Baaqi on Thursday 1000x night to be free of difficulties. Recite frequently for acceptance of duas.
97,1,الوَارِثُ,al-Waris,The Inheritor,"He who has everlasting ownership of all things. Finite man only has temporary ownership, and at the death all creatures have nothing",Recite Ya Waarith 100x at sunrise to be free of difficulties. Recite it often to fulfil a task. To remove worries recite 1000x between Maghrib and Eisha salaa.
98,1,الرَّشِيدُ,Ar-Rashid,The Right in Guidance,"He who is the guide, with wisdom, to the right path according to His eternal plan","Repeat Ya Rasheed, 1000x between Maghrib and Eisha Salaa to remove troubles, and for financial progress. Recite also to make words effective."
99,1,الصَّبُورُ,As-Sabur,The Patient,"He who is patient, and revengeful to creatures","Repeat Ya Sabur 33x for relief from troubles, difficulties and sorrow. Recite 100x before sunrise for safety from calamities and ‘tying’ the enemy’  tongue. Repeat 298x for physical pain. Repeat frequently if unjustly accused. In difficulty recite 1020x."
100,2,أَللّٰه,Allah,پروردگار کا اسم ذاتی,"یہ ""اللہ"" تبارک وتعالی کا ذاتی نام ہے ، جو یکتا ہے، کل کائنات کا مالک و قابض بلا شرکت غیرے ہے ۔ نہ اس نے کسی کو جنا ہے اور نہ اس کو کسی نے پیدا کیا ہے ۔ وہ اپنی ذات و صفات میں یکتا و اکیلا ہے او اس کے سوا کوئی عبادت لائق نہیں ہے ۔",عزم و یقین کی قوت کے لیے روزانہ ایک ہزار مرتبہ پڑھے ۔ لاعلاج مریض [ یا اللہ ] کا بکثرت ورد کرکے شفا کی دعا مانگے ، ان شاء اللہ شفا ہوگی ۔
101,2,الرَّحمٰنُ,Ar-Rahman,بہت ہی رحم کرنے والا,جو انسانوں پر بلا تفریق رحمتیں اور برکتیں نازل فرماتا ہے۔,ہر نماز کے بعد سو مرتبہ [ یا رحمن ] پڑھنے والے کے دل کی سختی اور غفلت جاتی رہےگی ۔
102,2,الرَّحِيمُ,Ar-Rahim,بڑا مہربان,وہ جو برکتوں ، بخششوں کا سر چشمہ ہے۔,روزانہ ہر نماز کے بعد ایک سو مرتبہ [ یا رحیم ] کا ورد کرنے والا دنیاوی آفات سے انشاء اللہ تعالی محفوظ رہے گا ، اور مخلوق خدا اس پر مہربان ہوگی ۔
103,2,المَلِكُ,Al-Malik,حقیقی بادشاہ,وہ جو پوری کائنات کا اصل مالک اور حقیقی بادشاہ ہے اور سب کچھ اس کے قبضہ قدرت میں ہے,بعد نماز صبح روزانہ کثرت سے یہ اسم  پڑھنے والے کو اللہ تعالی غنی فرما دیں گے ۔
104,2,القُدُّوسُ,Al-Quddus,برائیوں سے پاک ذات,جملہ غلطیوں اور عیب سے پاک اور ہر قسم کی بھول چوک اور نقائص سے مبرا ذات,زوال کے بعد روزانہ بکثرت ورد کرنے والے کا دل انشاء اللہ امراض روحانی سے پاک ہو جائے گا ۔
105,2,السَّلَامُ,As-Salam,بے عیب ذات,وہ جو اپنے بندوں کو جملہ خطرات سے محفوظ رکھتا ہے اور اپنے خوش نصیب بندوں کو جنت کی راحتیں عطا فرماتا ہے۔,اس اسم کا بکثرت ورد کرنے والا انشاء اللہ تعالی تمام آفتوں سے محروم رہے گا ۔ ایک سو پندرہ [۱۱۵] اس کو پڑھ کر بیمار پر دم کرے ، اللہ تعالی اسے صحت عطا فرمائیں گے ۔
106,2,المُؤمِنُ,Al-M’umin,ایمان و امن بخشنے والا,وہ جو اپنے بندوں کے دل میں ایمان پیدا کرتا ہے  اور ان کی حفاظت کرتا ہے جو اس سے مدد طلب کرتے ہیں نیز ان کے دلوں میں سکون عطا فرماتا ہے۔,کسی خوف کے وقت چھ سو تیس [۶۳۰] مرتبہ پڑھنے سے  انشاء اللہ تعالی نقصان و خوف سے محفوظ رہے گا ۔ اس کا پڑھنے والا یا اس اسم کو لکھ کر اپنے پاس رکھنے والا اللہ کی امان میں رہے گا ۔
107,2,المُهَيمِنُ,Al-Muhaymin,نگہبان,وہ ذات اقدس جو ہر شے اور ہر چیز کی نگرانی و حفاظت کرتا ہے۔,بعد غسل دو رکعت نفل پڑھ کے سچے دل سے جو شخص یہ اسم ایک مرتبہ پڑھے اللہ تبارک وتعالی اس کا ظاہر و باطن پاک فرما دیں گے ۔ اور جو شخص ایک سو پندرہ [۱۱۵] مرتبہ اس اسم کا ورد کرے تو انشاء اللہ تعالی پوشیدہ چیزوں پر مطلع ہوگا ۔
108,2,العَزِيزُ,Al-A’ziz,سب پر غالب,وہ بڑے اقتدار والا جس کا اقتدار سب پر حاوی ہے۔,چالیس [۴۰] دن چالیس [۴۰] مرتبہ جو شخص یہ اسم پڑھے اللہ تعالی اسے معزز و مستغنی بنا دیں گے ۔ جو شخص نماز فجر کے بعد یہ اسم اکتالیس [۴۱] مرتبہ پڑھتا ہے وہ انشاء اللہ کسی کا محتاج نہیں ہوگا ۔
109,2,الجَبَّارُ,Al-Jabbar,سب سے زبردست,وہ جو بگڑی کا بنانے والا ہے۔ وہ جو نامکمل کو مکمل کرنے والا ہے اور وہ جو اپنے بندوں سے اپنی منشاء کے مطابق کام لینے کی قدرت رکھتا ہے۔,جو شخص چاندی کی انگوٹھی پر یہ اسم نقش کراکر پہنے اس کی ہیبت و شوکت لوگوں پر ہوگی ۔ جو شخص روزانہ صبح و شام دو سو باسٹھ [۲۶۲] مرتبہ اس اسم کا ورد کرے وہ انشاء اللہ ظالموں کے قہر سے بچا رہے گا ۔
110,2,المُتَكَبِّرُ,Al-Mutakabbir,بڑائی اور بزرگی والا,وہ جس کی شان کبریائی پر شے میں ہر طرح سے نمایاں ہے۔,اگر کوئی شخص کسی کام کی ابتداء میں یہ اسم بکثرت پڑھے تو انشاء اللہ کامیابی حاصل ہوگی اور بکثرت ورد رکھنے والے کو اللہ تعالی عزت اور بڑائی عطا فرمائیں گے ۔
111,2,الخَالِقُ,Al-Khaliq,پیدا کرنے والا,وہ جو مناسب حال ، قوتوں اور صلاحیتوں سے آراستہ ، وجود بخشنے والا اور ہر چیز کا پیدا کرنے والا ہے۔,سات روز متواتر ایک سو [۱۰۰] مرتبہ [یا خالق] پڑھنے والا  انشاء اللہ تمام آفتوں سے بچ جائے گا ۔ اس اسم کا ورد رکھنے والے کا چہرہ ہمیشہ منور رہتا ہے ۔
112,2,البَارِئُ,Al-Bari,جان ڈالنے والا,وہ جس نے ہر چیز متناسب اور بے مثال تخلیق کی ہے۔,بانجھ عورت اگر سات روزے رکھے اور پانی سے افطار کرکے روزانہ اکیس مرتبہ [یا بارئ] پڑھے تو انشاء اللہ اولاد نصیب ہوگی ۔
113,2,المُصَوِّرُ,Al-Musawwir,صورت دینے والا,وہ ذات اقدس جو تمام ۔مخلوق کی صورت گری کرتا ہے,اولاد سے محروم عورت اگر سات روزے رکھے اور پانی سے افطار کرکے روزانہ اکیس مرتبہ [یا مصور] پڑھے تو اسے انشاء اللہ اولاد نصیب ہوگی ۔
114,2,الغَفَّارُ,Al-Ghaffar,درگزر اور پردہ پوشی کرنے والا,وہ جو بہت زیادہ غلطیوں سے درگزر کرنے والا اور تمام گناہوں کو معاف کرنے والا ہے۔,جو شخص بعد نماز عصر روزانہ [یا غفار اغفرلی] ایک سو  [۱۰۱] مرتبہ پڑھے تو انشاء اللہ تعالی بخشے ہوئے لوگوں کے زمرے میں ہوگا ۔
115,2,القَهَّارُ,Al-Qahhar,سبکو اپنے قابو میں کرنے والا,وہ جو کامل برتری رکھتا ہے اور قدرت رکھتا ہے ہر کام کرنے کی جو وہ چاہتا ہے۔,ہمیشہ [یا قھار] بکثرت ورد کرنے والے کے دل سے دنیا کی محبت ختم ہوکر خدا کی محبت پیدا ہوگی ۔
116,2,الوَهَّابُ,Al-Wahhab,سب کو عطا کرنے والا,وہ جو اپنی مخلوقات کو بے غرض برکتوں، بخششوں اور سخاواتوں سے نوازتا ہے۔,فقرو فاقہ میں گرفتار شخص [یا وھاب] کا بکثرت ورد کرے ، یا چاشت کی نماز کے بعد سجدہ میں چالیس [۴۰] مرتبہ پڑھے تو فقر و فاقہ سے نجات مل جاتی ہے ۔ اگر کوئی خاص حاجت درپیش ہو تو گھر یا مسجد کے صحن میں تین بار سجدہ کر کے ہاتھ اٹھائے اور ایک سو [۱۰۰] بار یہ اسم پڑھے تو انشاء اللہ حاجت ضرور پوری ہوگی ۔
117,2,الرَزَّاقُ,Ar-Razzaq,سب کو روزی دینے والا,وہ جو اپنی تمام مخلوق کو رزق اور مفید ترین اشیاء عطا کرتا ہے۔,نماز فجر سے پہلے جو شخص اپنے مکان کے چاروں کونوں میں دس دس مرتبہ یہ اسم پڑھ کر دم کرے گا ، اس گھر میں بیماری اور مفلسی نہیں آئے گی ، منہ قبلہ کی طرف رکھ کر دائیں کونہ سے شروع کرے ۔
118,2,الفَتَّاحُ,Al-Fattah,مشکل کشا,تمام مشکلوں کو حل کرنے والا اور تمام مزاحمتوں کو دور کرنے والا ہے۔,نماز فجر کے بعد سینہ پر ہاتھ باندھ کر ستر [۷۰] مرتبہ یہ اسم پڑھنے سے دل ایمان کے نور سے منور ہوجاتا ہے ۔
119,2,العَلِيمُ,Al-A’lim,وسیع علم رکھنے والا,وہ جو ہر شے کا علم رکھتا ہے۔,اس اسم کے بکثرت ورد کرنے والے پر اللہ تعالی علم و معرفت کے در کشادہ کر دیتے ہیں ۔
120,2,القَابِضُ,Al-Qabid,روزی تنگ کرنے والا,وہ جو ہر شے پر قبضہ و قدرت رکھتا ہے,روٹی کے چار لقموں پر لکھ کر چالیس دن متواتر کھانے والا انشاء اللہ ہمیشہ سخت بھوک ، پیاس ، زخم ، اور درد وغیرہ کی تکلیف سے محفوظ رہے گا ۔
121,2,البَاسِطُ,Al-Basit,روزی فراخ کرنے والا,وہ جو وسعت دیتا ہے,چاشت کی نماز پڑھنے کے بعد آسمان کی طرف ہاتھ اٹھا کر روزانہ دس مرتبہ یہ اسم پڑھ کر منہ پر ہاتھ  پھیرلے تو انشاء اللہ ایسا شخص کبھی کسی کا محتاج نہ ہوگا
122,2,الخَافِضُ,Al-Khafid,پست کرنے والا,وہ جو اپنے نہ ماننے والوں کو ذلت دیتا ہے,جو شخص روزانہ پانچ سو مرتبہ یہ اسم پڑھے گا اللہ تعالی اس کی تمام جائز مرادیں پوری کریگا اور تمام مشکلات دور فرمائیں گے ۔ جو شخص تین روزے رکھے اور چوتھے دن الگ جگہ بیٹھ کر ستر مرتبہ یہ اسم پڑھے تو انشاء اللہ تعالی دشمن پر فتح یاب ہوگا ۔
123,2,الرَّافِعُ,Ar-Rafi,بلند کرنے والا,وہ جو بلندیاں اور بلند مقام عطا فرماتا ہے,جو شخص ہر ماہ کی چودھویں شب کو آدھی رات کے وقت ایک سو مرتبہ یہ اسم پڑھے تو اللہ تعالی اسے مخلوق سے بے نیاز و مستغنی کر دیں گے  اور تونگر بنا دیں گے ۔
124,2,المُعِزُّ,Al-Mu’izz,عزت دینے والا,وہ جو انسان کو عظمت ، شوکت اور مقبولیت عطا کرتا ہے,پیر یا جمعہ کو بعد نماز مغرب [۱۴۰] مرتبہ جو شخص یہ اسم پڑھتا رہے تو اللہ تعالی اسے لوگوں میں باعزت و باوقار بنا دیں گے ۔
125,2,المُذِلُّ,Al-Muzil,ذلت دینے والا,وہ متکبر اور نافرمانوں کو ذلیل و خوار کرتا ہے,جو شخص پچھتر [۷۵] مرتبہ [یا مذل] پڑھ کر سجدے میں جا کر دعا کرے تو اللہ تعالی ظالموں ، حاسدوں اور دشمنوں سے اسے محفوظ رکھیں گے ۔
126,2,السَّمِيعُ,As-Sami,سب کچھ سننے والا,وہ جو ہر ایک کی سنتا ہے,جمعرات کے دن چاشت کی نماز پڑھنے کے بعد پانچ سو [۵۰۰] مرتبہ یا ایک سو [۱۰۰] یا پچاس [۵۰] مرتبہ جو شخص یہ اسم پڑھے گا انشاء اللہ اس کی دعائیں قبول ہونگی ، پڑھنے کے دوران کسی سے بات نہ کرے ۔ جو شخص فجر کی نماز کے فرض اور سنت کے درمیان یہ اسم ایک سو [۱۰۰] مرتبہ پڑھے گا اسے اللہ تعالی خاص نظر سے نوازیں گے ۔
127,2,البَصِيرُ,Al-Basir,سب کچھ دیکھنے والا,وہ جو ہر چیز کا مشاہدہ کر رہا ہے,جو شخص نماز جمعہ کے بعد ایک سو [۱۰۰] مرتبہ یہ اسم پڑھے گا انشاء اللہ تعالی اس کے دل میں نور اور آنکھوں میں روشنی پیدا ہوگی ۔
128,2,الحَكَمُ,Al-Hakam,حاکم مطلق ، حکم دینے والا,وہ جو انصاف کرتا ہے اور حقدار کو اسکا حق دلاتا ہے,آخر شب میں باوضو ہوکر ننانوے [۹۹] مرتبہ پڑھنے والے کا دل محل اسرار و نور ہوگا ۔ جو شخص جمعہ کی رات کو یہ اسم اس قدر پڑھے کہ بے خود ہوجائے تو انشاء اللہ تعالی اس کا قلب کشف و الہام کا مرکز ہو جائے گا ۔
129,2,العَدلُ,Al-Adl,سرتاپا انصاف,وہ جو انصاف کرنے والا ہے,جو شخص جمعہ کے دن یا جمعہ کی رات میں روٹی کے بیس [۲۰]  ٹکڑوں پر [العدل] لکھ کر کھائے گا اللہ تعالی اس کے لیے مخلوق کو مسخر کر دیں گے اور فیصلہ اس کے حق میں ہوگا ۔
130,2,اللَّطِيفُ,Al-Latif,سرتاپا لطف و کرم,وہ جو ہر چیز کے دقیق ترین معانی سے واقف ہے ، وہ جس نے ہر شے کو ایسی حکمت کے ساتھ پیدا کیا ہے جس کو کوئی نہیں سمجھ سکتا اور وہ یہ کہ انتہائی پر اسرار طور سے سب پر اپنی برکتیں نازل فرماتا ہے,ایک سو تینتیس [۱۳۳] مرتبہ روزانہ پڑھنے والے کے رزق میں انشاء اللہ تعالی برکت ہوگی اور سب کام بخوبی پورے ہوں گے ۔ فقرو فاقہ دکھ مصیبت اور پریشانی میں مبتلا شخص کسی وقت اچھی طرح وضو کرکے دوگانہ پڑھے اور دل میں مقصد کا خیال رکھ کر ایک سو [۱۰۰] مرتبہ یہ اسم پڑھے انشاء اللہ تعالی کامیابی ہوگی ۔
131,2,الخَبِيرُ,Al-Khabir,آگاہ و باخبر,وہ جو ہر شے کے باریک ترین مضمرات سے آگاہ ہے اور ہر شے کے اندرونی معانی سے آگاہ ہے,سات روز جو شخص بکثرت اس اسم کا ورد کرے گا اس پر انشاء اللہ تعالی پوشیدہ راز ظاہر ہونے لگیں گے ۔
132,2,الحَلِيمُ,Al-Halim,بڑا بُرد بار,وہ جو بڑا بردبار، برداشت کرنے والا اور بڑا رحم کرنے والا ہے,اس اسم کو کاغذ پر لکھ کر پانی سے دھو کر پانی جس چیز پر بھی چھڑکا جائے گا خیر و برکت ہوگی ۔
133,2,العَظِيمُ,Al-A’zim,بہت ہی بزرگ ، بہت بڑا,وہ جو بڑا رفیع الشان ہے,اس اسم کے بکثرت ورد کرنے والے کو انشاء اللہ تعالی عزت وعظمت حاصل ہوگی ۔
134,2,الغَفُورُ,Al-Ghafur,بہت بخشنے والا,وہ جو سب کچھ معاف کر دیتا ہے,جو شخص [یا غفور] کا بکثرت ورد رکھے گا اللہ تعالی اس کے مال اور اولاد میں برکت دے گا اور دکھ ، تکلیف ، رنج و غم دور ہوجائیں گے ۔
135,2,الشَّكُورُ,Ash-Shakur,قدردان,وہ جو اس کے لیے کئے جانے والے اعمال کو سراہتا ہے اور ان کو اجر دیتا ہے,معاشی تنگی یا دکھ تکلیف میں مبتلا شخص اگر روزانہ [۴۱] مرتبہ اس اسم کو پڑھے تو انشاء اللہ تعالی اس سے نجات پائے گا ۔
136,2,العَلِيُّ,Al-A’li,سب سے برتر و بلند,وہ جو بڑی بلندیوں والا ہے,اس اسم کو جو شخص ہمیشہ پڑھتا رھے اور اسے لکھ  کر اپںے پاس رکھے انشاء اللہ تعالی اسے رتبہ کی بلندی ، خوشحالی ، اور مقصد میں کامیابی حاصل ہوگی ۔
137,2,الكَبِيرُ,Al-Kabir,بہت بڑا,وہ جو عظیم ترین ہے,عہدے سے معزول شخص سات روزے رکھے اور روزانہ ایک ہزار مرتبہ [یا کبیر] پڑھے انشاء اللہ تعالی عہدہ بحال ہوجائے گا ۔
138,2,الحَفِيظُ,Al-Hafiz,سب کا نگہبان,وہ جو تمام کائنات کا محافظ ہے اور مقررہ مدت کے لیے نا گہانی آفتوں اور حادثات سے محفوظ رکھتا ہے,اس اسم کا بکثرت ورد کرنے اور لکھ کر اپنے پاس رکھنے والا  انشاء اللہ تعالی ہر قسم کے خوف و خطر و ضرر سے محفوظ رہے گا ۔
139,2,المُقِيتُ,Al-Muqit,توانائی بخشنے والا,وہ جو سب کو روزی اور توانائی دینے والا ہے,حصول مقصد کیلیےخالی آب خورے پر سات مرتبہ [یا مقیت] پڑھ کر دم کرے پھر اس آب خورے میں پانی پیے انشاء اللہ تعالی مقصد پورا حاصل ہوگا ۔
140,2,الحَسِيبُ,Al-Hasib,سب کے لیے کافی,وہ جو انسانوں کے زندگی بھر کے اعمالوں کے تفصیلی حسابوں سے واقف ہے,اگر کسی آدمی یا چیز کا ڈر ہو تو جمعرات کو شروع کرکے آٹھ یوم تک صبح و شام ستر [۷۰] مرتبہ [حسبی اللہ الحسیب] پڑھے ، انشاء اللہ تعالی ہر شر سے محفوظ رہے گا ۔
141,2,الجَلِيلُ,Al-Jalil,بلند مرتبت والا,وہ جو غنی، حاکم اور مقدس ہے,مشک و زعفران سے [یا جلیل] لکھ کر اپنے پاس رکھے اور بکثرت [یا جلیل] کا ورد رکھے تو انشاء اللہ تعالی عزت و عظمت ، قدرو منزلت حاصل ہوگی ۔
142,2,الكَرِيمُ,Al-Karim,بہت کرم کرنے والا,وہ جو بڑا کرم کرنے والا ہے,روزانہ یہ اسم پڑھتے پڑھتے اگر سوجایا کرے تو اسے علماء و صلحاء میں عزت نصیب ہوگی ۔
143,2,الرَّقِيبُ,Ar-Raqib,بڑا نگہبان,وہ جو اپنی مخلوق کی نگرانی کرتا ہے اور ہر فعل اس کے قبضہ قدرت میں ہے,جو شخص روزانہ سات مرتبہ [یا رقیب] پڑھ کر اپنے مال ، آل و اولاد پر دم کرے اور بکثرت اس کا ورد رکھے انشاء اللہ تعالی وہ سب آفتوں سے محفوط رہے گا ۔
144,2,المُجِيبُ,Al-Mujib,دعا قبول کرنے والا,جو اپنی مخلوق کی تمام حاجتوں کو پورا کرتا ہے,جو شخص روزانہ کثرت سے یہ اسم پڑھے گا اسکی دعائیں انشاء اللہ بارگاہ خدا وندی میں قبول ہونے لگیں گی ۔
145,2,الوَاسِعُ,Al-Wasi,گنجائش والا ، وسعت والا,وہ جو لامحدود وسعت اور رحمت بے پایاں کا حامل ہے,اللہ تعالی اس اسم کو بکثرت پڑھنے والے کے لیے غنائے ظاہری و باطنی کے در کشادہ فرما دیں گے ۔
146,2,الحَكِيمُ,Al-Hakim,بات کی تہ ، شے کی حقیقت جاننے والا,وہ جس کے تمام احکام و اعمال میں حکمت ہے,جو شخص بکثرت [یا حکیم] پڑھا کرےاس پر انشاء اللہ تعالی علم و حکمت کے دروازے کھل جائیں گے ۔ کوئی کام اٹکا ہوا ہو تو  اس اسم کو پابندی سے روزانہ بکثرت پڑھنے سے کام پورا ہوجاتا ہے ۔
147,2,الوَدُودُ,Al-Wadud,بڑا محبت کرنے والا,وہ جو اچھے عمل کرنے والوں سے محبت کرتا ہے اور ان پر رحم فرماتا ہے، وہ جو محبت کرنے کے لائق ہے اور جس کی دوستی منفعت بخش ہے,ایک ہزار مرتبہ یہ اسم پڑھ کر کوئی کھانے پر دم کرے اور اپنی بیوی کے ساتھ وہ کھانا کھائے تو انشاء اللہ تعالی میاں بیوی کے درمیان باہمی رنجش محبت میں بدل جائے گی ۔
148,2,المَجِيدُ,Al-Majid,بڑی بزرگی والا,وہ جو بڑی عظمت اور بزرگی والا ہے,اگر کوئی شخص کسی موذی مرض ، جذام ، آتشک وغیرہ میں مبتلا ہے تو چاند کی ۱۳،۱۴،۱۵ تاریخ کا روزہ رکھے اور افطار کے بعد [یا مجید] بکثرت پڑھ کر پانی میں دم کرکے پی لے تو انشاء اللہ تعالی صحت ہوگی ۔
149,2,البَاعِثُ,Al-Bais,مرنے کے بعد زندہ کرنے والا,وہ جو قیامت کے دن اپنی مخلوقات کو دوبارہ زندہ کرے گا,روزانہ رات کو سوتے وقت سینے پر ہاتھ رکھ کر ایک سو ایک [۱۰۱] مرتبہ [یا باعث] پڑھنے سے انشاء اللہ تعالی دل علم و حکمت سے بھر جائے گا ۔
150,2,الشَّهِيدُ,Ash-Shahid,حاظر و ناظر,وہ جو ہر جگہ موجود ہے اور تمام کائنات کا نگران ہے,نا فرمان بیوی یا اولاد کی پیشانی پر صبح کے وقت ہاتھ رکھ کر اکیس [۲۱] مرتبہ [یا شہید] پڑھ کر دم کرنے سے انشاء اللہ تعالی وہ فرماں بردار ہو جائیں گے ۔
151,2,الحَقُّ,Al-Haqq,برحق,وہ جس کے وجود میں کسی قسم کا تغیر و تبدل نہیں ہوتا,چوکور کاغذ کے چاروں کونوں پر [الحق] لکھے پھر سحر کے وقت کاغذ ہتھیلی پر رکھ کر آسمان کی طرف بلند کرے اور دعا کرے تو انشاء اللہ تعالی گمشدہ شخص یا سامان محفوظ مل جائے گا ۔
152,2,الوَكِيلُ,Al-Wakil,بڑا کارساز,وہ جو تمام مشکلات کو بہ طریق احسن حل کرنے والا ہے,کسی بھی آسمانی آفت کے خوف کے وقت [یا وکیل] کا بکثرت ورد انشاء اللہ تعالی ہر آفت سے محفوظ رکھے گا ۔
153,2,القَوِيُّ,Al-Qawi,قوت کا سرچشمہ,وہ جو سب سے زیادہ طاقتور ہے,جو شخص واقعی مظلوم ، کمزور و مغلوب ہو ، وہ ظالم دشمن کی قوت توڑنے کی نیت سے بکثرت اس اسم کو پڑھے انشاء اللہ تعالی اس سے محفوط رہے گا ۔ [ نا حق یہ عمل ہرگز نہ کرے]
154,2,المَتِينُ,Al-Matin,شدید قوت والا,وہ جو سب سے زیادہ مضبوط و مستحکم ہے,جب [المتین] کاغذ پر لکھ کر پانی سے دھوکر بے دودھ والی عورت کو پلائیں تو انشاء اللہ تعالی دودھ بڑھ جائے گا ۔
155,2,الوَلِيُّ,Al-Wali,حمایتی ، دوست,وہ جو اپنے فرماں بردار بندوں کا دوست ہے,جو شخص اپنے اہل خانہ کی عادات و خصائل سے خوش نہ ہو ، وہ جب ان کے سامنے جائے تو یہ اسم پڑھتا رہے  ، انشاء اللہ تعالی وہ نیک خصلت ہو جائیں گے ۔
156,2,الحَمِيدُ,Al-Hamid,تعریف کے لائق,وہ جس کی ذات لائق تعریف و توصیف ہے، جو بڑی بزرگی والا ہے اور جس کی تمام مخلوقات شکر گزار ہے,پینتالیس [۴۵] دن متواتر تنہائی میں [۹۳] مرتبہ روزانہ [یا حمید] پڑھنے والے کی بری عادتیں انشاء اللہ تعالی چھوٹ جائیں گی ۔
157,2,المُحصِى,Al Muhsi,دائرہ شمار میں گھیرے رکھنے والا,وہ جو ان تمام بے شمار اشیاء کا بھی شمار رکھتا ہے جن کا شمار ناممکن ہے اور وہ ہر چیز سے باخبر ہے,روٹی کے بیس ٹکڑوں پر روزانہ بیس مرتبہ یہ اسم پڑھ کر اگر کوئی شخص کھائے تو انشاء اللہ تعالی مخلوق خدا اس کی مسخر ہوگی ۔
158,2,المُبدِئُ,al-Mubdi,پہلی بار پیدا کرنے والا,وہ جس نے بغیر کسی مادے اور شکل کے کائنات کو پیدا کیا,حاملہ کے پیٹ پر ہاتھ رکھ کر [۹۹] مرتبہ [یا مبدئ] اگر پڑھا جائے تو انشاء اللہ تعالی نہ وہ حمل ساقط ہوگا اور نہ وقت سے پہلے بچہ پیدا ہوگا ۔
159,2,المُعِيدُ,Al-Muid,دوبارہ پیدا کرنے والا,وہ جو کل مخلوقات کو موت کے بعد دوبارہ زندہ کرنے والا ہے,گمشدہ کے لیے ۔ جب گھر کے تمام افراد سو جائیں تو گھر کے چاروں کونوں میں ستر ستر مرتبہ [یا معید] پڑھے ، انشاء اللہ تعالی سات روز میں آجائے گا یا پتہ چل جائے گا ۔
160,2,المُحيِى,Al-Muhyi,زندہ رکھنے والا,وہ جو زندگی اور صحت کا عطا کرنے والا ہے,بیمار شخص اگر بکثرت [یا محی] کا ورد رکھے تو انشاء اللہ تعالی اسے صحت ہوجائے گی ۔ اور جو کوئی شخص [۸۹] مرتبہ پڑھ کر اپنے اوپر دم کرے تو ہر طرح کی قید وبند سے  انشاء اللہ تعالی بچا رہے گا ۔
161,2,المُمِيتُ,Al-Mumit,موت دینے والا,وہ جس نے موت کو پیدا کیا,جس شخص کا نفس اپنے قابو میں نہ ہو وہ سوتے وقت [یا ممیت] پڑھتا پڑھتا سوجائے [ سینہ پر ہاتھ رکھ کر پڑھے ]  انشاء اللہ تعالی نفس مطیع ہوجائے گا ۔
162,2,الحَيُّ,Al-Hayy,دائم زندہ رہنے والا,وہ جو ہر چیز سے واقف ہے اور جس کی قوت ہر چیز کے لیے کافی ہے,جو شخص روزانہ تین ہزار [۳۰۰۰] مرتبہ [یا حی] کا ورد رکھے انشاء اللہ تعالی وہ کبھی بیمار نہ ہوگا ۔ جو بیمار مشک و گلاب سے چینی کے برتن پر یہ اسم لکھ کر میٹھے پانی سے دھوکر پی لے تو شفا پائے گا ۔
163,2,القَيُّومُ,Al-Qayyum,سب کو تھامنے والا,وہ جو تمام کائنات کو قائم رکھے ہوئے ہے,اس اسم کا بکثرت ورد رکھنے والے کی  انشاء اللہ تعالی لوگوں میں عزت اور ساکھ بڑھے گی ۔ تنہائی میں اسکا ورد رکھنے والا خوشحال ہو جائے گا ۔
164,2,الوَاجِدُ,Al-Wajid,ہر چیز پالینے والا,وہ جو جس چیز کی خواہش جس وقت کرتا ہے اسی وقت پالیتا ہے,کھانے کے وقت اس اسم کے ورد سے غذا قلب کی طاقت و قوت و نورانیت کا باعث ہوگی ۔
165,2,المَاجِدُ,Al-Majid,بزرگی اور بڑائی والا,وہ جو بزرگی والا ہے اور جس کی فیاضی اور بخشش کا کوئی حساب نہیں ہے,تنہائی میں یہ اسم اس قدر پڑھا جائے کہ بے خود ہوجائے تو  انشاء اللہ تعالی قلب پر نور الہیہ ظاہر ہونگے ۔
166,2,الأَحَدُ,Al-Wahid,اکیلا,وہ جو ناقابل تقسیم ہے اور نہ ہی اس کی تعداد بڑھ سکتی ہے,ایک ہزار مرتبہ روزانہ [یا احد] پڑھنے والے کے دل سے مخلوق کی محبت و خوف نکل جائے گا ۔ بے اولاد اس اسم کو لکھ کر اپنے پاس رکھ لے تو  انشاء اللہ تعالی وہ صاحب اولاد ہوجائے گا ۔
167,2,الصَّمَدُ,As-Samad,بے نیاز,وہ جو ہر تکلیف کو دور کرنے والا ہے اور ہر حاجت کو پوری کرنے والا ہے,سحر کے وقت سر بسجدہ ہوکر [۱۲۵] مرتبہ یہ اسم پڑھنے سے  انشاء اللہ تعالی ظاہری و باطنی سچائی نصیب ہوگی ۔ با وضو شخص [یا صمد] کا ورد رکھنے والا  انشاء اللہ تعالی مخلوق سے بے نیاز ہوجائے گا ۔
168,2,القَادِرُ,Al-Qadir,گرفت والا,وہ جو ہر کام اپنی مرضی کے مطابق کرنے کی قدرت رکھتا ہے,برسر حق شخص دو رکعت نفل پڑھنے کے بعد صدق دل سے ایک سو [۱۰۰] مرتبہ [یا قادر] پڑھے تو اللہ تعالی اس کے دشمنوں کو ذلیل و رسوا کریں گے ۔ کوئی دشواری پیش آجائے تو [۴۱] مرتبہ [یا قادر] پڑھنے سے  انشاء اللہ تعالی دور ہوجائے گی ۔
169,2,المُقتَدِرُ,Al-Muqtadir,پوری قدرت والا,وہ جو کائنات کی ہر شے سے زیادہ قوی ہے,سو کر اٹھنے پر بکثرت یا بیس مرتبہ [یا مقتدر] کا ورد کرنے سے تمام کام آسان ہوں گے ۔
170,2,المُقَدِّمُ,Al-Muqaddim,آگے بڑھانے والا,وہ جو اپنے نیک بندوں کو آگے بڑھاتا ہے,ہنگامی جنگ [یا مقدم] کے بکثرت ورد کرنے سے  انشاء اللہ تعالی پیش قدمی کی قوت حاصل ہوگی اور دشمنوں سے حفاظت ہوگی ۔
171,2,المُؤَخِّرُ,Al-Muakhir,پیچھے ہٹانے والا,وہ جس کو بھی چاہتا ہے مؤخر کردیتا ہے,جو شخص ایک سو [۱۰۰] مرتبہ روزانہ پابندی سے [یا مؤخر] پڑھے گا ۔ اسے اللہ تعالی جلّ شانہ کا ایسا قرب نصیب ہوگا کہ بغیر اسکے بے چین رہے گا ۔ بکثرت ورد سے انشاء اللہ تعالی سچی توبہ کی توفیق بھی نصیب ہوگی ۔
172,2,الأَوَّلُ,Al-Awwal,پہلا,وہ جو سب سے پہلے موجود ہے,جس کے ہاں نرینہ نہ ہوتی ہو وہ چالیس یوم روزانہ [۴۰] مرتبہ [یا اول] پڑھے انشاء اللہ تعالی مراد پوری ہوگی ۔
173,2,الآخِرُ,Al-Akhir,سب کے بعد,وہ جو سب کے فنا ہونے کے بعد بھی موجود رہے گا,روزانہ ایک ہزار مرتبہ یہ اسم پڑھنے والے کے دل سے غیر اللہ کی محبت نکل جائے گی اور انشاء اللہ تعالی خاتمہ بالخیر ہوگا ۔
174,2,الظَّاهِرُ,Az-Zahir,آشکارا,وہ جس کی قدرت کائنات کی ہر شے میں ظاہر ہےاور کائنات کی ہر شے اس کے موجود ہونے کی گواہی دیتی ہے,نماز اشراق کے بعد اگر کوئی شخص یہ اسم پانچ سو [۵۰۰] مرتبہ ورد رکھے تو انشاء اللہ تعالی اللہ تبارک و تعالی اس کی آنکھوں میں روشنی اور دل میں نور عطا فرمائیں گے ۔
175,2,البَاطِنُ,Al-Batin,پوشیدہ,وہ جو سب سے پوشیدہ ہے,روزانہ تینتیس مرتبہ [یا باطن] کا ورد کرنے سے باطنی اسرار منکشف ہونے لگتے ہیں اور پڑھنے والے کے دل میں محبت الہی پیدا ہوتی ہے ۔
176,2,الوَالِي,Al-Wali,با اقتدار متصرف,وہ جو کل کائنات کا انتظام و انصرام کرتا ہے، ہر شے پر نگرانی رکھتا ہے اور کائنات میں کسی بھی لمحے وقوع پذیر ہونے والے واقعات کے ہونے اور نہ ہونے پر قدرت رکھتا ہے,اس اسم کا بکثرت ورد آفات ناگہانی سے بچاتا ہے ۔ کورے آب خورے پر لکھ کر ار اس میں پانی بھر کر گھر میں چھڑکنے سے مکان بھی آفات سے محفوظ ہو جاتا ہے ۔
177,2,المُتَعَالِي,Al-Muta’ali,سب سے بلند و برتر,وہ جو انسانوں کے افعال و اعمال و افکار سے بہت بلند و بالا ہے,اس اسم کا بکثرت ورد رکھنے سے انشاء اللہ تعالی تمام مشکلات رفع ہوں گی ۔ عورت اگر ایام ماہواری میں بکثرت [یا متعالی] کا ورد رکھے تو انشاء اللہ تعالی تکلیف سے محفوظ رہے گی ۔
178,2,البَرُّ,Al-Bar,بہتر سلوک کرنے والا,وہ جو اپنے بندوں کی خطاؤں پر عفو سے کام لیتا ہے اور اپنی تمام مخلوق کے ساتھ اچھا برتاؤ کرتا ہے,اگر کوئی بدکار یا شرابی شخص روزانہ سات مرتبہ پابندی سے یہ اسم [یا برّ] پڑھتا رہے تو گناہ اور شراب کی رغبت انشاء اللہ تعالی جاتی رہے گی ۔ بچہ کی پیدائش پر سات مرتبہ [یا برّ] پڑھ کر دم کرنے اور اس کو اللہ تعالی کے سپرد کردینے سے بچہ جوانی تک تمام آفات سے محفوظ رہے گا ، انشاء اللہ تعالی ۔
179,2,التَّوَّابُ,At-Tawwab,بہت جلد توبہ قبول کرنے والا,وہ ذات جو اپنے بندوں کو توبہ کی توفیق عطا کرتی ہے,نماز چاشت کے بعد تین سو ساٹھ [۳۶۰] مرتبہ [یا تواب] کا ورد رکھنے والے کو انشاء اللہ تعالی سچی توبہ نصیب ہوگی ۔ اس اسم کے بکثرت ورد رکھنے والے کے انشاء اللہ تعالی تمام کام آسان ہوجا ئیں گے ۔
180,2,المُنتَقِمُ,Al-Muntaqim,بدلہ لینے کی قوت رکھنے والا,وہ جو غلط کاروں کو سزا دیتا ہے,بر سرحق شخص جس میں اپنے دشمن سے بدلہ لینے کی قدرت نہ ہو تو تین جمعہ تک [یا منتقم] کا بکثرت ورد کرے ۔ اللہ تعالی خود اس ظالم سے نمٹ لیں گے ۔
181,2,العَفُوُّ,Al-A’fuw,بہت درگزر کرنے والا,وہ جو دل سے معافی چاہنے والون کو اسطرح معاف کرتا ہے جیسے انہوں نے کبھی گناہ کیا ہی نہ ہو,اس اسم کو کثرت سے پڑھنے کی وجہ سے انشاء اللہ تعالی پڑھنے والے کے تمام گناہ معاف ہوجائیں گے ۔
182,2,الرَّؤُوفُ,Ar-Rauf,مشفق و مہربان,وہ جو بڑا مشفق و مہربان ہے,بکثرت [یا رؤوف] کا ورد رکھنے سے انشاء اللہ تعالی مخلوق اس پر مہربان ہوجائے گی اور یہ مخلوق پر ۔ دس مرتبہ درور شریف اور دس دفعہ [یا رؤوف] پڑھنے سے غصہ رفع ہوجاتا ہے ۔
183,2,مَالِكَ المُلكِ,Malik ul-Mulk,کائنات کا کلی مالک,کائنات پر جس کی حکومت لازوال ہے,جو شخص ہمیشہ [یا مالک الملک] پڑھتا رہے گا اللہ تعالی اس کو غنی اور لوگوں سے بے نیاز کردیں گے ۔ وہ شخص کسی کا محتاج نہیں رہے گا ۔
184,2,ذُو الجَلَالِ وَ الإِكرَامِ,Dhul -Jalali wal-Ikram,جلال اور کرم والا,وہ ذات جو صاحب جلال، کمال و اقتدار ہے اور اپنے بندوں کو نوازتی ہے,اس اسم کا بکثرت ورد رکھنے سے اللہ تعالی اس کو عزت و عظمت اور مخلوق سے استغناء نصیب فرمادیں گے ۔
185,2,المُقسِطُ,Al-Muqsit,عادل و منصف,وہ جس کا ہر کام انصاف و توازن کا آئینہ دار ہے,کسی خاص اور جائز مقصد کے لیے سات سو [۷۰۰] مرتبہ [یا مقسط] پڑھنے سے انشاء اللہ تعالی مقصد حاصل ہوگا ۔ اور جو شخص روزانہ [یا مقسط] کا ورد رکھے وہ شیطانی وسوسوں سے محفوظ رہے گا ۔
186,2,الجَامِعُ,Al-Jaami,بکھرے ہووں کو یکجا کرنے والا,وہ جو ہر شے کو کسی بھی جگہ جب چاہے جمع کر سکتا ہے,جس کے اعزّہ و احباب منتشر ہوگئے ہوں وہ چاشت کے وقت غسل کرکے منہ آسمان کی طرف اٹھا کر دس مرتبہ [یا جامع] پڑھے اور ایک انگلی بند کرلے، اس طرح ہر دس مرتبہ پر ایک ایک انگلی بند کرتا جائے ۔ آخر میں دونوں ہاتھ منہ پر پھیر لے انشاء اللہ تعالی سب یکجا ہوجائیں گے ۔ اگر کسی کی کوئی چیز گم ہوجائے تو [اللھم یا جامع الناس لیوم لاریب فیہ اِجمع ضالتی] پڑھا کرے وہ چیز انشاء اللہ تعالی مل جائے گی ۔ جائز محبت کے لیے یہ دعا مجرب ہے ۔
187,2,الغَنِىُّ,Al-Ghani,بےنیاز,وہ جو اپنی ذات میں خود کفیل ہے اور ہر چیز سے بے پرواہ ہے,روزانہ ستر [۷۰] مرتبہ یہ اسم پڑھنے والے کے مال میں اللہ تعالی برکت عطا فرمائیں گے انشاء اللہ تعالی کسی کا محتاج نہیں رہے گا ۔
188,2,المُغنِى,Al-Mughni,بے نیازگر,وہ ذات اقدس جسکو کسی سے کوئی حاجت نہیں اور تمام مخلوقات و موجودات اس کی محتاج ہیں,اول و آخر گیارہ مرتبہ درود شریف اور گیارہ سو گیارہ [۱۱۱۱] مرتبہ یہ اسم بطور وظیفہ صبح یا شام عشاء کی نماز کے بعد پڑھنے والے کو اللہ تعالی غنائے ظاہری و باطنی عطا فرمائیں گے ۔
189,2,المَانِعُ,Al-Maani,روک دینے کی طاقت رکھنے والا,وہ جو رکاوٹوں کو دور کرتا ہے,میاں بیوی میں ناچاقی ہو تو بستر پر لیٹے وقت بیس [۲۰] مرتبہ یہ اسم پڑھ لیا کرے انشاء اللہ تعالی باہم الفت و محبت ہوجائے گی ۔ [یا مانع] بکثرت پڑھنے والا شر سے محفوظ رہے گا ۔
190,2,الضَّارُ,Ad-Darr,نقصان پہنچانے کی قدرت رکھنے والا,وہ جو ایسی مخلوق پیدا کرتا ہے جو دوسروں کے لیے باعث مایوسی ہوتی ہے,شب جمعہ میں ایک سو [۱۰۰] مرتبہ یہ اسم پڑھنے والا انشاء اللہ تعالی تمام ظاہری و باطنی آفتوں سے محفوظ رہے گا اور اسے قرب الہی حاصل ہوگا ۔
191,2,النَّافِعُ,An-Nafi,نفع پہنچانے کی قدرت رکھنے والا,وہ جو ایسی چیزوں کا خالق ہے جو اچھائیوں سے بھرپور اور نفع بخش ہیں,کسی بھی کام کے شروع کرتے وقت [۴۱] مرتبہ [یا نافع] پڑھنے سے کام انشاء اللہ تعالی حسب منشا ہوگا ۔ کسی سواری کا سوار بکثرت اس اسم کا ورد رکھے تو ہر آفت سے بچا رہے گا ۔ انشاء اللہ تعالی ۔
192,2,النُّورُ,An-Nur,نور سراپا,وہ جو اپنے نور سے تمام کائنات کو منور کیے ہوئے ہے اور اپنے بندوں کے چہروں، ذھنوں اور دلوں کو منور کرتا ہے,جو شخص شب جمعہ میں سات مرتبہ سورہ نور اور ایک ہزار [۱۰۰۰] مرتبہ یہ اسم [یا نور] پڑھے گا تو انشاء اللہ تعالی اس کا دل انوار الہیہ سے منور ہوجائے گا ۔
193,2,الهَادِي,Al-Hadi,راہ راست دکھانے والا,وہ جو اپنے بندوں کو کامیابی کی راہ دکھاتا ہے اور دوسروں کی بھلائی کے لیے کام کرنے کی ہدایت فرماتا ہے,ہاتھ اٹھا کر منہ آسمان کی طرف کرکے جو شخص اس اسم کو بکثرت پڑھ کر ہاتھ منہ پر پھیر لے تو اس کو انشاء اللہ تعالی کامل ہدایت نصیب ہوگی اور اہل معرفت مین شامل ہوگا ۔
194,2,البَدِيعُ,Al-Badi,نمونے کے بغیر ایجاد کرنے والا,وہ جس نے کسی نمونہ کے بغیر کائنات میں حیرت انگیز چیزیں پیدا کی ہیں,با وضو [یا بدیع] پڑھتے پڑھتے اگر سوجائے تو جس کام کا ارادہ ہو اس کے متعلق خواب میں معلوم ہوجائے گا ۔ جس کو کوئی غم ، مصیبت و پریشانی پیش آئے تو وہ ایک ہزار [۱۰۰۰] مرتبہ [یا بدیع السمٰوٰت و الارض] پڑھے تو انشاء اللہ تعالی غم و پریشانی سے نجات نصیب ہوگی ۔ جو شخص نماز عشاء کے بعد بارہ سو [۱۲۰۰] مرتبہ بارہ دن تک [ یا بدیعَ العجائبِ بالخیرِ یا بدیعُ ] جس مقصد کے لیے بھی پڑھے گا ، انشاء اللہ تعالی وہ کام عمل کی مدت سے پہلے ہی ہو جائے گا ۔
195,2,البَاقِي,Al-Baqi,ہمیشہ ہمیش رہنے والا,وہ جس کے وجود میں پر کبھی فنا نہیں  اور وہ موجود ہے، ھمیشہ رہے  گا ، نہ پہلے اس پر فنا تھی اور نہ بعد میں کبھی فنا آئے گی,جمعہ کی رات کو ایک ہزار [۱۰۰۰] مرتبہ جو شخص اس اسم [یا باقی] کا ورد کرے گا اللہ تعالی اسے ہر قسم کے ضرر و نقصان سے محفوظ رکھیں گے اور انشاء اللہ تعالی اس کے تمام نیک کام مقبول ہوں گے ۔
196,2,الوَارِثُ,al-Waris,سب کے بعد موجود رہنے والا,وہ تمام کائنات کی کبھی نہ ختم ہونے والی ملکیت کا حامل ہے، انسان عارضی ملکیت کا حامل ہے۔ جب اسکی موت واقع ہوتی ہے تو وہ کچھ بھی نہیں رہتا,طلوع آفتاب کے وقت جو شخس ایک سو [۱۰۰] مرتبہ یہ اسم پڑھے گا ہر قسم کی رنج و سختی سے انشاء اللہ تعالی محفوظ رہے گا ۔ اور جو شخص مغرب و عشاء کے درمیان ایک ہزار [۱۰۰۰] مرتبہ پڑھے گا وہ ہر طرح کی حیرانی و پریشانی سے انشاء اللہ تعالی بچا رہے گا ۔
197,2,الرَّشِيدُ,Ar-Rashid,راستی ونیکی پسند کرنے والا,وہ جو اپنے غیر فانی منصوبوں کے مطابق ثبات عقل عطا کرتا ہے اور راہ راست دکھاتا ہے,روزانہ اس اسم کا ورد رکھنے سے تمام مشکلات دور اور کاروبار میں ترقی ہوگی ، ایک ہزار [۱۰۰۰] مرتبہ پڑھے ۔ اور جس شخص کو اپنے کسی کام کی کوئی تدبیر سمجھ میں نہ آتی ہو وہ مغرب و عشاء کے درمیان ایک ہزار [۱۰۰۰] مرتبہ [یا رشید] پڑھے تو یا تو خواب میں کوئی تدبیر معلوم ہوجائے گی یا دل میں اسکا القاء ہوجائے گا ۔
198,2,الصَّبُورُ,As-Sabur,تحمل و برداشت والا,وہ جو اپنے بندوں کی سرکشی اور گناہوں پر جلد انتقام نہ لے,طلوع آفتاب سے پہلے اگر کوئی شخص ایک سو [۱۰۰] مرتبہ یہ اسم پڑھے تو انشاء اللہ تعالی اس دن ہر مصیبت سے بچا رہے گا اور دشمنوں و حاسدوں کی زبانیں بند رہیں گی ۔ اور کوئی شخص کسی مصیبت میں پھنس گیا ہو تو ایک ہزار بیس [۱۰۲۰] مرتبہ [یا صبور] پڑھے اس سے نجات پائے گا ۔
