ID,TypeID,TypeNo,Description,ShortDesc
1,1,1,معرفت باری کے درجات، زمین و آسمان کی خلقت، آدمؑ کی پیدائش، احکام قرآنی کی تقسیم اور حج کا بیان,معرفت باری تعالیٰ، زمین و آسمان اور آدمؑ کی خلقت و احکام حج
2,1,2,بعثت سے قبل عرب کی حالت، اہل بیتؑ کی فضیلت اور ایک جماعت کی منقصت,عرب قبل از بعثت، اہل بیتؑ کی فضیلت اور ایک جماعت کی منقصت
3,1,3,(خطبہ شقشقیہ) خلفائے ثلاثہ کی حکومت کے بارے میں آپؑ کا نظریہ اور آپؑ کے عہد خلافت میں دشمنوں کی شورش انگیزیاں,(خطبہ شقشقیہ) خلفائے ثلاثہ کی حکومت کے بارے میں آپؑ کا نظریہ
4,1,4,حضرتؑ کی دوررس بصیرت اور دین میں یقین کامل اور حضرت موسی علیہ السلام کے خوفزدہ ہونے کی وجہ,آپؑ کی دوررس بصیرت، یقین کامل اور موسیؑ کا خوفزدہ ہونا
5,1,5,پیغمبرﷺ کے بعد جب ابو سفیان نے آپؑ کے ہاتھ پر بیعت کرنا چاہی تو اس موقع پر فرمایا,پیغمبرﷺ کے بعد جب ابو سفیان نے آپؑ کی بیعت کرنا چاہی
6,1,6,جب طلحہ و زبیر کے تعاقب سےآپؑ کو روکا گیا تو اس موقع پر فرمایا,طلحہ و زبیر کے تعاقب سےآپؑ کو روکا گیا تو اس موقع پر فرمایا
7,1,7,منافقین کی حالت,منافقین کی حالت
8,1,8,جب زبیر نے یہ کہا میں نے دل سے بیعت نہ کی تھی تو آپؑ نے فرمایا,جب زبیر نے یہ کہا میں نے دل سے بیعت نہ کی تھی تو آپؑ نے فرما
9,1,9,اصحاب جمل کا بوداپن,اصحاب جمل کا بوداپن
10,1,10,طلحہ و زبیر کے بارے میں,طلحہ و زبیر کے بارے میں
11,1,11,محمد بن حنفیہ کو آداب حرم کی تعلیم,محمد بن حنفیہ کو آداب حرم کی تعلیم
12,1,12,عمل کا کردار اور مدار نیت پر ہے۔,عمل کا کردار اور مدار نیت پر ہے۔
13,1,13,بصرہ اور اہل بصرہ کی مذمت میں,بصرہ اور اہل بصرہ کی مذمت میں
14,1,14,اہل بصرہ کی مذمت میں,اہل بصرہ کی مذمت میں
15,1,15,عثمان کی دی ہوئی جا گیریں جب پلٹا لیں تو فرمایا,عثمان کی دی ہوئی جا گیریں جب پلٹا لیں تو فرمایا
16,1,16,جب اہل مدینہ نے آپؑ کے ہاتھ پر بیعت کی تو فرمایا,جب اہل مدینہ نے آپؑ کے ہاتھ پر بیعت کی تو فرمایا
17,1,17,مسند قضا پر بیٹھنے والے نا اہلوں کی مذمت میں,مسند قضا پر بیٹھنے والے نا اہلوں کی مذمت میں
18,1,18,علماء کے مختلف الاراء ہونے کی مذمت اور تصویب کی رد,علماء کے مختلف الاراء ہونے کی مذمت اور تصویب کی رد
19,1,19,اشعث بن قیس کی غداری و نفاق کا تذکرہ,اشعث بن قیس کی غداری و نفاق کا تذکرہ
20,1,20,موت کی ہولناکی اور اس سے عبرت اندوزی,موت کی ہولناکی اور اس سے عبرت اندوزی
21,1,21,دنیا میں سبکبار رہنے کی تعلیم,دنیا میں سبکبار رہنے کی تعلیم
22,1,22,قتل عثمان کا الزام عائد کرنے والوں کے بارے میں,قتل عثمان کا الزام عائد کرنے والوں کے بارے میں
23,1,23,حسد سے باز رہنے اور عزیزو اقارب سے حسن سلوک کے بارے میں,حسد سے باز رہنے اور عزیزو اقارب سے حسن سلوک کے بارے میں
24,1,24,جنگ پر آمادہ کرنے کے لیے فرمایا,جنگ پر آمادہ کرنے کے لیے فرمایا
25,1,25,بسر ابن ابی ارطاۃ کے تخت و تاراج کے بعد جنگ سے جی چرانے والے ساتھیوں کے متعلق فرمایا,بسر کے حملے کے بعد جنگ سے جی چرانے والوں سے فرمایا
26,1,26,بعثت سے قبل عرب کی حالت اور پیغمبرﷺ کے بعد اہل دنیا کی بے رخی اور معاویہ و عمر ابن عاص کا معاہدہ,عرب قبل از بعثت اور پیغمبرﷺ کے بعد دنیا کی بے رخی
27,1,27,جہاد پر برانگیختہ کرنےکے لیے فرمایا,جہاد پر برانگیختہ کرنےکے لیے فرمایا
28,1,28,دنیا کی بے ثباتی اور زاد آخرت کی اہمیت کا تذکرہ,دنیا کی بے ثباتی اور زاد آخرت کی اہمیت کا تذکرہ
29,1,29,جنگ کے موقعہ پر حیلے بہانے کرنے والوں کے متعلق فرمایا,جنگ کے موقعہ پر حیلے بہانے کرنے والوں کے متعلق فرمایا
30,1,30,قتل عثمان کے سلسلے میں آپؑ کی روش,قتل عثمان کے سلسلے میں آپؑ کی روش
31,1,31,جنگ جمل چھڑنے سے پہلے ابن عباس کو زبیر کے پاس جب بھیجا تو ان سے فرمایا,جنگ جمل پہلے ابن عباس کو زبیر کے پاس جب بھیجنا
32,1,32,دنیا کی مذمت اور اہل دنیا کی قسمیں,دنیا کی مذمت اور اہل دنیا کی قسمیں
33,1,33,جب جنگ جمل کے لیے روانہ ہوئے تو فرمایا,جب جنگ جمل کے لیے روانہ ہوئے تو فرمایا
34,1,34,اہل شام کے مقابلے میں لوگوں کو آمادۂ جنگ کرنے کے لیے فرمایا,اہل شام کے مقابلے میں لوگوں کو آمادۂ جنگ کرنے کے لیے فرمایا
35,1,35,تحکیم کے بارے میں فرمایا,تحکیم کے بارے میں فرمایا
36,1,36,اہل نہروان کو ان کے انجام سے مطلع کرنے کے لیے فرمایا,اہل نہروان کو ان کے انجام سے مطلع کرنے کے لیے فرمایا
37,1,37,اپنی استقامت دینی و سبقت ایمانی کے متعلق فرمایا,اپنی استقامت دینی و سبقت ایمانی کے متعلق فرمایا
38,1,38,شبہہ کی وجہ تسمیہ اور دوستان خدا و دشمنان خدا کی مذمت,شبہہ کی وجہ تسمیہ اور دوستان خدا و دشمنان خدا کی مذمت
39,1,39,جنگ سے جی چرانے والوں کی مذمت میں,جنگ سے جی چرانے والوں کی مذمت میں
40,1,40,خوارج کے قول «لاحکم الا للہ» کے جواب میں فرمایا,خوارج کے قول «لاحکم الا للہ» کے جواب میں فرمایا
41,1,41,غداری کی مذمت میں,غداری کی مذمت میں
42,1,42,نفسانی خواہشوں اور لمبی امیدوں کے متعلق فرمایا,نفسانی خواہشوں اور لمبی امیدوں کے متعلق فرمایا
43,1,43,جب آپؑ کے ساتھیوں نے جنگ کی تیاری کے لیے کہا تو آپؑ نے فرمایا,جب ساتھیوں نے جنگ کی تیاری کے لیے کہا تو آپؑ نے فرمایا
44,1,44,جب مصقلہ ابن ہبیرہ معاویہ کے پاس بھاگ گیا تو آپؑ نے فرمایا,جب مصقلہ ابن ہبیرہ معاویہ کے پاس بھاگ گیا تو آپؑ نے فرمایا
45,1,45,اللہ کی عظمت اور جلالت اور دنیا کی سبکی و بے وقاری کے متعلق فرمایا,اللہ کی عظمت اور جلالت اور دنیا کی سبکی و بے وقاری کے متعلق 
46,1,46,جب شام کی جانب روانہ ہوئے تو فرمایا,جب شام کی جانب روانہ ہوئے تو فرمایا
47,1,47,کوفہ پر وارد ہونے والی مصیبتوں کے متعلق فرمایا,کوفہ پر وارد ہونے والی مصیبتوں کے متعلق فرمایا
48,1,48,جب شام کی طرف روانہ ہوئے تو فرمایا,جب شام کی طرف روانہ ہوئے تو فرمایا
49,1,49,اللہ کی عظمت و بزرگی کے بارے میں فرمایا,اللہ کی عظمت و بزرگی کے بارے میں فرمایا
50,1,50,حق و باطل کی آمیزش کے نتائج,حق و باطل کی آمیزش کے نتائج
51,1,51,جب شامیوں نے آپؑ کے ساتھیوں پر پانی بند کر دیا تو فرمایا,جب شامیوں نے آپؑ کے ساتھیوں پر پانی بند کر دیا تو فرمایا
52,1,52,دنیا کے زوال وفنا اور آخرت کے ثواب و عتاب کے متعلق فرمایا,دنیا کے زوال وفنا اور آخرت کے ثواب و عتاب کے متعلق فرمایا
53,1,53,گوسفند قربانی کے اوصاف,گوسفند قربانی کے اوصاف
54,1,54,آپؑ کے ہاتھ پر بیعت کرنے والوں کا ہجوم,آپؑ کے ہاتھ پر بیعت کرنے والوں کا ہجوم
55,1,55,میدان صفین میں جب آپؑ کے ساتھیوں نے یہ محسوس کیا کہ آپؑ اذن جہاد دینے میں تاخیر فرما رہے ہیں تو فرمایا,میدان صفین میں جہاد میں تاخیر پر اعتراض ہوا تو فرمایا
56,1,56,میدان جنگ میں آپؑ کی صبر و ثبات کی حالت,میدان جنگ میں آپؑ کی صبر و ثبات کی حالت
57,1,57,معاویہ کے بارے میں فرمایا,معاویہ کے بارے میں فرمایا
58,1,58,خوارج کےبارے میں آپؑ کی پیشینگوئی,خوارج کےبارے میں آپؑ کی پیشینگوئی
59,1,59,خوارج کی ہزیمت کے متعلق آپؑ کی پیشینگوئی,خوارج کی ہزیمت کے متعلق آپؑ کی پیشینگوئی
60,1,60,جب آپؑ کو اچانک قتل کر دیئے جانے سے ڈرایا گیا تو آپؑ نے فرمایا,جب اچانک قتل کر دیے جانے سے ڈرایا گیا تو آپؑ نے فرمایا
61,1,61,دنیا کی بے ثباتی کا تذکرہ,دنیا کی بے ثباتی کا تذکرہ
62,1,62,دنیا کے زوال و فنا کے سلسلہ میں فرمایا,دنیا کے زوال و فنا کے سلسلہ میں فرمایا
63,1,63,صفات باری کا تذکرہ,صفات باری کا تذکرہ
64,1,64,جنگ صفین میں تعلیم حرب کےسلسلے میں فرمایا,جنگ صفین میں تعلیم حرب کےسلسلے میں فرمایا
65,1,65,سقیفہ بنی ساعدہ کی کاروائی سننے کے بعد فرمایا,سقیفہ بنی ساعدہ کی کاروائی سننے کے بعد فرمایا
66,1,66,محمد بن ابی بکرکی خبر شہادت سن کر فرمایا,محمد بن ابی بکرکی خبر شہادت سن کر فرمایا
67,1,67,اپنے اصحاب کی کجروی اور بے رخی کے بارے میں فرمایا,اپنے اصحاب کی کجروی اور بے رخی کے بارے میں فرمایا
68,1,68,شب ضربت سحر کے وقت فرمایا,شب ضربت سحر کے وقت فرمایا
69,1,69,اہل عراق کی مذمت میں فرمایا,اہل عراق کی مذمت میں فرمایا
70,1,70,پیغمبرﷺ پر درود بھیجنے کا طریقہ,پیغمبرﷺ پر درود بھیجنے کا طریقہ
71,1,71,جب حسن و حسین علیھما السلام نے مروان کی سفارش کی تو آپؑ نے فرمایا,حسنینؑ کی طرف سے مروان کی سفارش کی گئی تو آپؑ نے فرمایا
72,1,72,جب لوگوں نے عثمان کی بیعت کا ارادہ کیا تو آپؑ نے فرمایا,جب لوگوں نے عثمان کی بیعت کا ارادہ کیا تو آپؑ نے فرمایا
73,1,73,جب لوگوں نے قتل عثمان میں شرکت کا الزام آپؑ پر لگایا تو فرمایا,قتل عثمان میں شرکت کا الزام آپؑ پر لگایا گیا تو فرمایا
74,1,74,پند و نصیحت کے سلسلے میں فرمایا,پند و نصیحت کے سلسلے میں فرمایا
75,1,75,بنی امیہ کے متعلق فرمایا,بنی امیہ کے متعلق فرمایا
76,1,76,دعائیہ کلمات,دعائیہ کلمات
77,1,77,منجمین کی پیشینگوئی کی رد,منجمین کی پیشینگوئی کی رد
78,1,78,عورتوں کے فطری نقائص,عورتوں کے فطری نقائص
79,1,79,پند و نصیحت کے سلسلے میں فرمایا,پند و نصیحت کے سلسلے میں فرمایا
80,1,80,اہل دنیا کے ساتھ دنیا کی روش,اہل دنیا کے ساتھ دنیا کی روش
81,1,81,(خطب) موت اور موت کے بعد کی حالت، انسانی خلقت کے درجات اور پند و نصائح (خطبۂ غراء),موت اور اس کے بعد کی حالت، انسانی خلقت کے درجات اور نصائح
82,1,82,عمرو بن عاص کے بارے میں,عمرو بن عاص کے بارے میں
83,1,83,تنزیہ بازی اور پند و نصائح کے سلسلے میں فرمایا,تنزیہ بازی اور پند و نصائح کے سلسلے میں فرمایا
84,1,84,آخرت کی تیاری اور احکام شریعت کی نگہداشت کے سلسلے میں فرمایا,آخرت کی تیاری اور احکام شریعت کی نگہداشت کے سلسلے میں فرمایا
85,1,85,دوستان خدا کی حالت اور علماء سوء کی مذمت میں فرمایا,دوستان خدا کی حالت اور علماء سوء کی مذمت میں فرمایا
86,1,86,امت کے مختلف گروہوں میں بٹ جانے کے متعلق اور پیغمبرؐ و امامؑ کے ارشادات کو پس پشت ڈال دینے کے سلسلہ میں فرمایا,امت کے مختلف گروہوں میں بٹ جانے کے متعلق فرمایا
87,1,87,بعثت سے قبل دنیا کی حالت پراگندگی اور یہ کہ پہلے لوگوں اور موجودہ دور کے لوگوں کے حالات یکساں ہیں,بعثت سے قبل دنیا کی حالت پراگندگی اور موجودہ دور کے لوگ
88,1,88,صفات باری اور پند و موعظت کےسلسلے میں فرمایا,صفات باری اور پند و موعظت کےسلسلے میں فرمایا
89,1,89,(خطبہ اشباح) آسمان و زمین کی خلقت اور زمین کے پانی پر بچھانے جانے اور اللہ سبحانہ کے عالم جزئیات ہونے کے بارے میں فرمایا,(خطبہ اشباح) آسمان و زمین کی خلقت
90,1,90,جب آپؑ کے ہاتھ پر بیعت ہوئی تو فرمایا,جب آپؑ کے ہاتھ پر بیعت ہوئی تو فرمایا
91,1,91,خوارج کی بیخ کنی اور اپنے علم کی ہمہ گیری اور بنی امیہ کی فتنہ پردازی کے سلسلہ میں فرمایا,خوارج کی بیخ کنی اور اپنے علم کی ہمہ گیری و فتنہ بنی امیہ
92,1,92,خداوند عالم کی حمد و ثناء اور انبیاء کی توصیف میں فرمایا,خداوند عالم کی حمد و ثناء اور انبیاء کی توصیف میں فرمایا
93,1,93,بعثت کے وقت لوگوں کی حالت اور تبلیغ کے سلسلہ میں پیغمبرﷺ کی مساعی کے متعلق فرمایا,بعثت کے وقت لوگوں کی حالت اور پیغمبرﷺ کی مساعی
94,1,94,نبی کریم ﷺ کی مدح و توصیف میں فرمایا,نبی کریم ﷺ کی مدح و توصیف میں فرمایا
95,1,95,اپنے اصحاب کو تنبیہہ اور سرزنش کرتے ہوئے فرمایا,اپنے اصحاب کو تنبیہہ اور سرزنش کرتے ہوئے فرمایا
96,1,96,بنی امیہ اور ان کے مظالم کے متعلق فرمایا,بنی امیہ اور ان کے مظالم کے متعلق فرمایا
97,1,97,ترکِ دینا اور نیرنگیٔ عالم کے سلسلہ میں فرمایا,ترکِ دینا اور نیرنگیٔ عالم کے سلسلہ میں فرمایا
98,1,98,اپنی سیرت و کردار اور اہل بیتؑ کی عظمت کے سلسلہ میں فرمایا,اپنی سیرت و کردار اور اہل بیتؑ کی عظمت کے سلسلہ میں فرمایا
99,1,99,عبد الملک بن مروان کی تاراجیوں کے متعلق فرمایا,عبد الملک بن مروان کی تاراجیوں کے متعلق فرمایا
100,1,100,بعد میں پیدا ہونے والے فتنوں کے متعلق فرمایا,بعد میں پیدا ہونے والے فتنوں کے متعلق فرمایا
101,1,101,زہد و تقو یٰ اور اہل دنیا کی حالت کے متعلق فرمایا,زہد و تقو یٰ اور اہل دنیا کی حالت کے متعلق فرمایا
102,1,102,بعثت سے قبل لوگوں کی حالت اور پیغمبر ﷺکی تبلیغ و ہدایت کے متعلق فرمایا,بعثت سے قبل لوگوں کی حالت اور پیغمبر ﷺکی تبلیغ و ہدایت
103,1,103,پیغمبر اکرمﷺ کی مدح و توصیف اور فرائضِ امام کے سلسلہ میں فرمایا,پیغمبر اکرمﷺ کی مدح و توصیف اور فرائضِ امام کے سلسلہ میں
104,1,104,شریعت اسلام کی گرانقدری اور پیغمبرﷺ کی عظمت کے متعلق فرمایا,شریعت اسلام کی گرانقدری اور پیغمبرﷺ کی عظمت کے متعلق فرمایا
105,1,105,جنگ صفین میں جب آپؑ کے ایک حصہ لشکر کے قدم اکھڑنے کے بعد دوبارہ جم گئے تو فرمایا,صفین میں جب حصہ لشکر کے قدم اکھڑنے کے جم گئے تو فرمایا
106,1,106,پیغمبرﷺ کی توصیف اور لوگوں کے گوناگون حالات کے سلسلہ میں فرمایا,پیغمبرﷺ کی توصیف اور لوگوں کے گوناگون حالات کے بارے میں
107,1,107,خداوند عالم کی عظمت، ملائکہ کی رفعت ،نزع کی کیفیت اور آخرت کا ذکر فرمایا,خداوند عالم کی عظمت، ملائکہ کی رفعت ،نزع کی کیفیت اور آخرت 
108,1,108,فرائضِ اسلام اور علم وعمل کے متعلق فرمایا,فرائضِ اسلام اور علم وعمل کے متعلق فرمایا
109,1,109,دنیا کی بے ثباتی کے متعلق فرمایا,دنیا کی بے ثباتی کے متعلق فرمایا
110,1,110,ملک الموت کے قبضِ رُوح کرنے کے متعلق فرمایا,ملک الموت کے قبضِ رُوح کرنے کے متعلق فرمایا
111,1,111,دنیا اور اہل دنیا کے متعلق فرمایا,دنیا اور اہل دنیا کے متعلق فرمایا
112,1,112,زہد و تقویٰ اور زادِ عقبیٰ کی اہمیت کے متعلق,زہد و تقویٰ اور زادِ عقبیٰ کی اہمیت کے متعلق
113,1,113,طلب باران کے سلسلہ میں فرمایا,طلب باران کے سلسلہ میں فرمایا
114,1,114,آخرت کی حالت اور حجاج ابن یوسف ثقفی کے مظالم کے متعلق فرمایا,آخرت کی حالت اور حجاج ابن یوسف ثقفی کے مظالم کے متعلق
115,1,115,خدا کی راہ میں جان و مال سے جہاد کرنے کے متعلق فرمایا,خدا کی راہ میں جان و مال سے جہاد کرنے کے متعلق فرمایا
116,1,116,اپنے دوستوں کی حالت اور اپنی اولیت کے متعلق فرمایا,اپنے دوستوں کی حالت اور اپنی اولیت کے متعلق فرمایا
117,1,117,جب اپنے ساتھیوں کو دعوت جہاد دی اور وہ خاموش رہے تو فرمایا,جب اپنے ساتھیوں کو دعوت جہاد دی اور وہ خاموش رہے تو فرمایا
118,1,118,اہل بیتؑ کی عظمت اور قوانین شریعت کی اہمیت کے متعلق فرمایا,اہل بیتؑ کی عظمت اور قوانین شریعت کی اہمیت کے متعلق فرمایا
119,1,119,جب ایک شخص نے دوران خطبہ میں تحکیم کے بارے میں آپؑ پر اعتراض کیا تو اس کے جواب میں فرمایا اور اس میں اپنے گزر جانے والے دوستوں کا تذکرہ کیا ہے۔,تحکیم کے بارے میں آپؑ پر اعتراض کیا گیا تو فرمایا
120,1,120,جب خوارج تحکیم کے نہ ماننے پر اڑ گئے تو اُن پر احتجاج کرتے ہوئے فرمایا,جب خوارج تحکیم کے نہ ماننے پر اڑ گئے تو احتجاجاً فرمایا
121,1,121,جنگ کے موقع پر کمزور اور پست ہمتوں کی مدد کرنے کی سلسلہ میں فرمایا,جنگ کے موقع پر کمزور اور پست ہمتوں کی مدد کرنے کی سلسلہ میں 
122,1,122,میدان صفین میں اپنے اصحاب کو فنونِ جنگ کی تعلیم دیتے ہوئے فرمایا,میدان صفین میں فنونِ جنگ کی تعلیم دیتے ہوئے فرمایا
123,1,123,تحکیم کو قبول کرنے کے وجوہ و اسباب,تحکیم کو قبول کرنے کے وجوہ و اسباب
124,1,124,جب بیت المال میں برابر کی تقسیم جاری کرنے پر کچھ لوگ نے اعتراض کیا تو فرمایا,بیت المال کی برابر کی تقسیم پر اعتراض ہوا تو فرمایا
125,1,125,خوارج کے عقائد کے رد میں,خوارج کے عقائد کے رد میں
126,1,126,بصرہ میں برپا ہونے والے فتنوں، حبشیوں کے سردار کی تباہ کاریوں اور تاتاریوں کے حملوں کے بارے میں فرمایا,بصرہ میں ہونے والے فتنوں، تباہ کاریوں اور حملوں کے متعلق
127,1,127,دنیا کی بے ثباتی اور اہل دنیا کی حالت,دنیا کی بے ثباتی اور اہل دنیا کی حالت
128,1,128,جب حضرت ابوذر کو مدینہ سے نکل جانے کا حکم دیا گیا تو انہیں رخصت کرتے وقت فرمایا,حضرت ابوذر کو مدینہ بدر کیا گیا تو فرمایا
129,1,129,خلافت کو قبول کرنے کی وجہ اور والی و حاکم کے اوصاف,خلافت کو قبول کرنے کی وجہ اور والی و حاکم کے اوصاف
130,1,130,موت سے ڈرانے اور پند و نصیحت کے سلسلہ میں فرمایا,موت سے ڈرانے اور پند و نصیحت کے سلسلہ میں فرمایا
131,1,131,خداوند ِعالم کی عظمت اور قرآن کی اہمیت اور پیغمبرﷺ کی بعثت اور دُنیا اور اہل دُنیا کا تذکرہ,خداوند ِعالم کی عظمت، قرآن کی اہمیت اور پیغمبرﷺ کی بعثت
132,1,132,جب مغیرہ بن اخنس نے عثمان کی حمایت میں بولنا چاہا تو فرمایا,جب مغیرہ بن اخنس نے عثمان کی حمایت میں بولنا چاہا تو فرمایا
133,1,133,جب حضرت عمر ابن خطاب نے غزوہ روم میں شرکت کے لیے حضرت علیؑ سے مشورہ مانگا تو فرمایا,غزوہ روم میں شرکت کے لیے مشورہ مانگا گیا تو فرمایا
134,1,134,اپنی نیت کے اخلاص اور مظلوم کی حمایت کے سلسلہ میں فرمایا,اپنی نیت کے اخلاص اور مظلوم کی حمایت کے سلسلہ میں فرمایا
135,1,135,طلحہ و زبیر اور خونِ عثمان کے قصاص اور اپنی بیعت کے متعلق فرمایا,طلحہ و زبیر اور خونِ عثمان کے قصاص اور اپنی بیعت کے متعلق
136,1,136,ظہورِ حضرت قائم علیہ السلام کے وقت دُنیا کی حالت، اور کوفہ میں برپا ہونے والے فتنہ کی پیشین گوئی,ظہورِ حضرت قائم علیہ السلام کے وقت دُنیا کی حالت
137,1,137,شوریٰ کے موقع پر فرمایا,شوریٰ کے موقع پر فرمایا
138,1,138,غیبت اور عیب جوئی سے ممانعت کے سلسلہ میں فرمایا,غیبت اور عیب جوئی سے ممانعت کے سلسلہ میں فرمایا
139,1,139,سُنی سُنائی باتوں کو سچا نہ سمجھنا چاہئے,سُنی سُنائی باتوں کو سچا نہ سمجھنا چاہئے
140,1,140,بے محل داد و دہش سے ممانعت اور مال کا صحیح مصرف,بے محل داد و دہش سے ممانعت اور مال کا صحیح مصرف
141,1,141,طلبِ باران کے سلسلہ میں فرمایا,طلبِ باران کے سلسلہ میں فرمایا
142,1,142,اہل بیت علیہم السلام ”راسخون فی العلم“ ہیں اور وہی امامت و خلافت کے اہل ہیں,اہل بیتؑ راسخون فی العلم ہیں اور وہی امامت وخلافت کے اہل ہیں
143,1,143,دُنیا کی اہل دُنیا کے ساتھ روش اور بدعت و سنت کا بیان,دُنیا کی اہل دُنیا کے ساتھ روش اور بدعت و سنت کا بیان
144,1,144,جب حضرت عمر نے غزوہ فارس میں حصہ لینے کیلئے مشورہ لیا تو اس موقع پر فرمایا,جب حضرت عمر نے غزوہ فارس کیلئے مشورہ لیا تو فرمایا
145,1,145,بعثتِ پیغمبر کی غرض و غایت اور اُس زمانے کی حالت جب لوگ قران و سنت سے منحرف ہو جائیں گے اور یہ کہ ہدایت کی پہچان اُسی وقت ہو سکتی ہے جب اس کی ضد کو پہچان لیا جائے,بعثتِ پیغمبر کی غرض و غایت اور اُس زمانے کی حالت
146,1,146,طلحہ وزبیر کے متعلق فرمایا,طلحہ وزبیر کے متعلق فرمایا
147,1,147,موت سے کچھ قبل بطور وصیّت فرمایا,موت سے کچھ قبل بطور وصیّت فرمایا
148,1,148,حضرت حجت علیہ السلام کی غیبت اور پیغمبرﷺ کے بعد لوگوں کی حالت کا تذکرہ,حضرت حجتؑ کی غیبت اور پیغمبرﷺ کے بعد لوگوں کی حالت
149,1,149,فتنوں میں لوگوں کی حالت اور ظلم اور اکل حرام سے اجتناب کی نصیحت,فتنوں میں لوگوں کی حالت اور ظلم اور اکل حرام سے اجتناب
150,1,150,خداوندِ عالم کی عظمت و جلالت کا تذکرہ اور یہ کہ معرفت امام پر نجات کا انحصار ہے,خداوند عالم کی عظمت و جلالت کا تذکرہ اور معرفت امام کے متعلق
151,1,151,غفلت شعاروں کی حالت اور چوپاؤں، درندوں اور عورتوں کے عادات و خصائل,غفلت شعاروں، چوپاؤں، درندوں اور عورتوں کے عادات و خصائل
152,1,152,اہل بیت علیہم السلام کی توصیف، علم و عمل کا تلازم اور اعمال کا ثمرہ,اہل بیتؑ کی توصیف، علم وعمل کا تلازم اور اعمال کا ثمرہ
153,1,153,چمگادڑ کی عجیب و غریب خلقت کے بارے میں,چمگادڑ کی عجیب و غریب خلقت کے بارے میں
154,1,154,حضرت عائشہ کے عناد کی کیفیت اور فتنوں کی حالت,حضرت عائشہ کے عناد کی کیفیت اور فتنوں کی حالت
155,1,155,دُنیا کی بے ثباتی، پندو موعظت اور اعضاء و جوارح کی شہادت,دُنیا کی بے ثباتی، پندو موعظت اور اعضاء و جوارح کی شہادت
156,1,156,بعثت پیغمبرﷺ کا تذکرہ، بنی اُمیّہ کے مظالم اور ان کا انجام,بعثت پیغمبرﷺ کا تذکرہ، بنی اُمیّہ کے مظالم اور ان کا انجام
157,1,157,لوگوں کے ساتھ آپ کا حُسنِ سلوک اور ان کی لغزشوں سے چشم پوشی,لوگوں کے ساتھ آپ کا حُسنِ سلوک اور ان کی لغزشوں سے چشم پوشی
158,1,158,خداوندِعالم کی توصیف ،خوف ورجاء، انبیاء علیہم السلام  کی زندگی، اور امیر المومنین علی السلام کے پیراہن کی حالت,خداوندِعالم کی توصیف ،خوف ورجاء، انبیاءؑ  کی زندگی
159,1,159,دین اسلام کی عظمت اور دُنیا سے درس عبرت حاصل کرنے کی تعلیم,دین اسلام کی عظمت اور دُنیا سے درس عبرت حاصل کرنے کی تعلیم
160,1,160,حضرتؑ کو خلافت سے الگ رکھنے کے وجوہ,حضرتؑ کو خلافت سے الگ رکھنے کے وجوہ
161,1,161,اللہ کی توصیف، انسان کی خلقت اور ضروریاتِ زندگی کی طرف رہنمائی,اللہ کی توصیف، خلقت انسان اور ضروریات زندگی کی طرف رہنمائی
162,1,162,امیر المومنین علیہ السلام کا عثمان سے مکالمہ اور ان کی دامادی پر ایک نظر,امیرالمومنینؑ کا عثمان سے مکالمہ اور ان کی دامادی پر ایک نظر
163,1,163,مور کی عجیب و غریب خلقت اور جنّت کے دلفریب مناظر,مور کی عجیب و غریب خلقت اور جنّت کے دلفریب مناظر
164,1,164,شفقت و مہربانی اور ظاہر و باطن کی یک رنگی کی تعلیم اور بنی اُمیہ کا زوال,شفقت و مہربانی اور ظاہر و باطن کی تعلیم اور بنی امیہ کا زوال
165,1,165,حقوق و فرائض کی نگہداشت اور تمام معاملات میں اللہ سے خوف کھانے کی نصیحت,حقوق و فرائض کی نگہداشت اور تمام معاملات میں اللہ سے خوف
166,1,166,جب لوگوں نے قاتلین عثمان سے قصاص لینے کی فرمائش کی تو فرمایا,جب لوگوں نے قاتلین عثمان سے قصاص لینے کی فرمائش کی تو فرمایا
167,1,167,جب اصحاب جمل بصرہ کی جانب روانہ ہوئے تو فرمایا,جب اصحاب جمل بصرہ کی جانب روانہ ہوئے تو فرمایا
168,1,168,جب اہل بصرہ کی طرف سے ایک شخص تحقیق حال کے لئے آپؑ کے پاس آیا تو اس سے فرمایا,اہل بصرہ سے تحقیق حال کے لئے آنے والے شخص سے فرمایا
169,1,169,میدان صفین میں جب دشمن سے دوبدو ہوکر لڑنے کا ارادہ کیا تو فرمایا,صفین میں جب دشمن سے دوبدو ہوکر لڑنے کا ارادہ کیا تو فرمایا
170,1,170,جب آپؑ پر حرص کا الزام رکھا گیا تو اس کی رد میں فرمایا اور اس کے ذیل میں قریش کے مظالم اور اصحاب جمل کی غارتگریوں کا تذکرہ ہے,جب آپؑ پر حرص کا الزام رکھا گیا تو اس کی رد میں فرمایا
171,1,171,خلافت کا مستحق کون ہے اور یہ کہ ظاہری مسلمانوں سے جنگ کرنے میں بصارت و بصیرت کی ضرورت ہے,خلافت کا مستحق کون ہے اور ظاہری مسلمانوں سے جنگ کرنا
172,1,172,طلحہ بن عبیداللہ کے بارے میں فرمایا,طلحہ بن عبیداللہ کے بارے میں فرمایا
173,1,173,غفلت کرنے والوں کو تنبیہ اور آپؑ کے علم کی ہمہ گیری,غفلت کرنے والوں کو تنبیہ اور آپؑ کے علم کی ہمہ گیری
174,1,174,پند دو موعظت، قرآن کی عظمت اور ظلم کی اقسام,پند دو موعظت، قرآن کی عظمت اور ظلم کی اقسام
175,1,175,حکمین کے بارے میں فرمایا,حکمین کے بارے میں فرمایا
176,1,176,خداوند عالم کی توصیف، دُنیا کی بے ثباتی اور زوال نعمت کے اسباب,خداوند عالم کی توصیف، دُنیا کی بے ثباتی اور اسباب زوال نعمت
177,1,177,جب ذعلب یمانی نے آپؑ سے یہ سوال کیا کہ آپؑ نے خدا کو دیکھا ہے تو اس کے جواب میں فرمایا,جب پوچھا گیا کہ کیا آپؑ نے خدا کو دیکھا ہے تو فرمایا
178,1,178,اپنے اصحاب کی مذمت میں فرمایا,اپنے اصحاب کی مذمت میں فرمایا
179,1,179,اس جماعت کے متعلق فرمایا کہ جو خوارج سے مل جانے کا تہیّہ کئے بیٹھی تھیں,خوارج سے مل جانے کا تہیّہ کرنے والی جماعت سے فرمایا
180,1,180,خداوند عالم کی تنزیہ و تقدیس اور قدرت کی کا ر فرمائی، پہلی اُمتوں کی حالت اور شہداء صفین پر اظہار تاسف,خداوند عالم کی تنزیہ و تقدیس اور قدرت کی کا ر فرمائی
181,1,181,خداوند عالم کی توصیف، قرآن کی عظمت و اہمیت اور عذاب آخرت سے تخویف,خداوند عالم کی توصیف، قرآن کی عظمت اور عذاب آخرت سے تخویف
182,1,182,جب برج ابن مسہر طائی نے «لا حکم الا اللہ» کا نعرہ لگایا تو فرمایا,جب «لا حکم الا اللہ» کا نعرہ لگایا گیا تو فرمایا
183,1,183,خداوند عالم کی عظمت و توصیف اور ٹڈی کی عجیب و غریب خلقت,خداوند عالم کی عظمت و توصیف اور ٹڈی کی عجیب و غریب خلقت
184,1,184,مسائل الٰہیات کے بُنیادی اُصول کا تذکرہ,مسائل الٰہیات کے بُنیادی اُصول کا تذکرہ
185,1,185,فتنوں کے ابھرنے اور رزقِ حلال کے ناپید ہو جانے کے بارے میں,فتنوں کے ابھرنے اور رزقِ حلال کے ناپید ہو جانے کے بارے میں
186,1,186,خداوند عالم کے احسانات، مرنے والوں کی حالت اور دنیا کی بے ثباتی کا تذکرہ,خداوند عالم کے احسانات، مرنے والوں کی حالت اور بے ثباتی دنیا
187,1,187,پختہ اور متزلزل ایمان اور دعویٰ سلونی «قبل ان تفقدونی» اور بنی امیہ کے بارے میں پیش گوئی,پختہ اور متزلزل ایمان اور دعویٰ سلونی «قبل ان تفقدونی»
188,1,188,تقویٰ کی اہمیت، قبر کی ہولناکی اور اللہ اور رسول اور اہل بیتؑ کی معرفت رکھنے والے کی موت شہادت ہے,تقویٰ کی اہمیت، ہولناکی قبر، اللہ، رسول اور اہل بیت کی معرفت
189,1,189,خداوند عالم کی توصیف، تقویٰ کی نصیحت، دنیا اور اہل دنیا کی حالت کا بیان,خداوند عالم کی توصیف، تقویٰ کی نصیحت، دنیا اور اہل دنیا
190,1,190,(خطبہ قاصعہ) جس میں ابلیس کی مذمت ہے․اس کے تکبر و غرور اور آدم علیہ السلام کے آگے سر بسجود نہ ہونے پر اور پہلی اُمتوں کے وقائع و حالات سے مواعظ و عبرت کا درس,(خطبہ قاصعہ) جس میں ابلیس کی مذمت ہے۔
191,1,191,متقین کے اوصاف اور نصیحت پذیر طبیعتوں پر موعظت کا اثر اور ابن کوا کی غلط فہمی کا ازالہ,متقین کے اوصاف اور نصیحت پذیر طبیعتوں پر موعظت کا اثر
192,1,192,پیغمبر ﷺکی بعثت، قبائلِ عرب کی عداوت اور منافقین کی حالت کا تذکرہ,پیغمبر ﷺکی بعثت، قبائلِ عرب کی عداوت اور منافقین کی حالت
193,1,193,خداوند عالم کی توصیف، تقویٰ کی نصیحت اور قیامت کے برپا ہونے کی کیفیت,خداوند عالم کی توصیف، تقویٰ کی نصیحت اور قیامت کی کیفیت
194,1,194,بعثتِ پیغمبرؐ کے وقت دنیا کی حالت، دنیا کی بے ثباتی اور اس میں رہنے والوں کی حالت,بعثتِ پیغمبرؐ کے وقت دنیا کی حالت، دنیا کی بے ثباتی
195,1,195,پیغمبرﷺ کے ساتھ آپؑ کی خصوصیات اور یہ کہ آپؑ ہی نے پیغمبر کی تجہیز و تکفین کے فرائض سرانجام دیئے,حضورﷺ کے ساتھ آپؑ کی خصوصیات اور حضور ﷺ کی تجہیز و تکفین
196,1,196,خداوند عالم کے علم کی ہمہ گیری، تقویٰ کے فوائد، اسلام اور بعثت نبیؐ کا تذکرہ اور قرآن کی عظمت,خداوند عالم کے علم کی ہمہ گیری، تقویٰ کے فوائد
197,1,197,نماز، زکوٰة اور امانت کے بارے میں فرمایا,نماز، زکوٰة اور امانت کے بارے میں فرمایا
198,1,198,معاویہ کی غداری و فریب کاری اور غداروں کا انجام,معاویہ کی غداری و فریب کاری اور غداروں کا انجام
199,1,199,راہ ہدایت پر چلنے والوں کی کمی سے گھبرانا نہ چاہئے اور قوم ثمود پر عذاب کے وارد ہونے کی کیفیت,راہ ہدایت پر چلنے والوں کی کمی اور قوم ثمود کا تذکرہ
200,1,200,جناب سیدہ سلام اللہ علیہا کے دفن کے موقع پر فرمایا,جناب سیدہ سلام اللہ علیہا کے دفن کے موقع پر فرمایا
201,1,201,دنیا کی بے ثباتی اور زاد آخرت مہیا کرنے کے لیے فرمایا,دنیا کی بے ثباتی اور زاد آخرت مہیا کرنے کے لیے فرمایا
202,1,202,اپنے اصحاب کو عقبیٰ کے خطرات سے متنبہ کرتے ہوئے فرمایا,اپنے اصحاب کو عقبیٰ کے خطرات سے متنبہ کرتے ہوئے فرمایا
203,1,203,جب طلحہ و زبیر نے یہ کہا کہ ہم سے مشورہ کیوں نہیں لیا جاتا تو آپؑ نے فرمایا,طلحہ و زبیر نے مشورہ نہ کرنے کا شکوہ کیا تو فرمایا
204,1,204,جب میدان صفین میں آپؑ نے کچھ لوگوں کو سُنا کہ وہ شامیوں پر سبّ و شتم کر رہے ہیں تو فرمایا,صفین میں شامیوں پر شب و ستم کیا گیا تو فرمایا
205,1,205,جب امام حسن علیہ السلام صفین کے میدان میں تیزی سے بڑھے تو فرمایا,جب امام حسنؑ صفین کے میدان میں تیزی سے بڑھے تو فرمایا
206,1,206,جب صفین میں آپؑ کا لشکر تحکیم کے سلسلہ میں سرکشی پر اُتر آیا تو فرمایا,صفین میں لشکر تحکیم کے سلسلہ میں سرکشی پر اُتر آیا تو فرمایا
207,1,207,جب علاء ابن زیاد حارثی کی عیادت کے لئے تشریف لے گئے تو اس کے گھر کی وسعت کو دیکھ کر اسے دارِآخرت کی طرف متوجہ کیا اور اس کے بھائی کو رہبانیت کی زندگی سے منع فرمایا,علاء ابن زیاد حارثی کی عیادت کو موقع پر فرمایا
208,1,208,اختلاف احادیث کے وجوہ و اسباب اور رواة حدیث کے اقسام,اختلاف احادیث کے وجوہ و اسباب اور رواة حدیث کے اقسام
209,1,209,خداوند عالم کی عظمت اور زمین و آسمان اور دریاؤں کی خلقت کے متعلق فرمایا,خداوند عالم کی عظمت اور زمین و آسمان اور دریاؤں کی خلقت
210,1,210,حق کی حمایت سے ہاتھ اٹھا لینے والوں کے بارے میں فرمایا,حق کی حمایت سے ہاتھ اٹھا لینے والوں کے بارے میں فرمایا
211,1,211,خداوند عالم کی عظمت اور پیغمبرؐ کی توصیف و مدحت,خداوند عالم کی عظمت اور پیغمبرؐ کی توصیف و مدحت
212,1,212,پیغمبرﷺ کی خاندانی شرافت اور نیکو کاروں کے اوصاف,پیغمبرﷺ کی خاندانی شرافت اور نیکو کاروں کے اوصاف
213,1,213,آپؑ کے دُعائیہ کلمات,آپؑ کے دُعائیہ کلمات
214,1,214,حکمران اور رعیّت کے باہمی حقوق کے بارے میں فرمایا,حکمران اور رعیّت کے باہمی حقوق کے بارے میں فرمایا
215,1,215,قریش کے مظالم کے متعلق فر مایا اور اس کے ذیل میں بصرہ پر چڑھائی کرنے والوں کے مظالم کا تذکرہ کیا ہے,قریش کے مظالم کے متعلق فر مایا اور بصرہ پر چڑھائی کے متعلق
216,1,216,جب طلحہ اور عبد الرحمن بن عتاب کو میدانِ جنگ میں مقتول دیکھا تو فرمایا,طلحہ اور عبد الرحمن بن عتاب کو مقتول دیکھا تو فرمایا
217,1,217,متقی و پرہیزگار کے اوصاف,متقی و پرہیزگار کے اوصاف
218,1,218,”الہاکم التکاثر حتی زرتم المقابر“ کی تلاوت کے وقت فرمایا,”الہاکم التکاثر حتی زرتم المقابر“ کی تلاوت کے وقت فرمایا
219,1,219,” رجال لا تلہیھم تجارة و لا بیع عن ذکر اللہ “ کی تلاوت کے وقت فرمایا,” رجال لا تلہیھم تجارة و لا بیع عن ذکر اللہ “ کی تلاوت کے وق
220,1,220,” یا اٴیھا الانسان ما غرّک بربک الکریم “ کی تلاوت کے وقت فرمایا,” یا اٴیھا الانسان ما غرّک بربک الکریم “ کی تلاوت کے وقت فرم
221,1,221,ظلم و غصب سے کنارہ کشی، عقیل کی حالت فقر و احتیاج، اور اشعث ابن قیس کی رشوت کی پیشکش,ظلم و غصب سے کنارہ کشی، عقیل کی حالت فقر و احتیاج، اور اشعث 
222,1,222,آپؑ کے دُعائیہ کلمات,آپؑ کے دُعائیہ کلمات
223,1,223,دنیا کی بے ثباتی اور اہل قبور کی حالت بے چارگی,دنیا کی بے ثباتی اور اہل قبور کی حالت بے چارگی
224,1,224,آپؑ کے دُعائیہ کلمات,آپؑ کے دُعائیہ کلمات
225,1,225,اپنے ایک صحابی کے متعلق جو انتشار و فتنہ سے قبل دنیا سے اٹھ گئے تھے فرمایا,انتشار و فتنہ سے قبل دنیا سے اٹھ جانے والوں کے متعلق فرمایا
226,1,226,اپنی بیعت کے متعلق فرمایا,اپنی بیعت کے متعلق فرمایا
227,1,227,تقویٰ کی نصیحت اور موت سے خائف رہنے والے اور زہد اختیار کرنے والے کے متعلق فرمایا,تقویٰ کی نصیحت موت سے خائف رہنے اور زہد اختیار کرنے کے متعلق
228,1,228,جب بصرہ کی طرف روانہ ہوئے تو فرمایا,جب بصرہ کی طرف روانہ ہوئے تو فرمایا
229,1,229,عبد اللہ ابن زمعہ نے آپؑ سے مال طلب کیا تو فرمایا,عبد اللہ ابن زمعہ نے آپؑ سے مال طلب کیا تو فرمایا
230,1,230,جب جعدہ ابن ہبیرہ خطبہ نہ دے سکے تو فرمایا,جب جعدہ ابن ہبیرہ خطبہ نہ دے سکے تو فرمایا
231,1,231,لوگوں کے اختلاف صورت و سیرت کی وجوہ و اسباب,لوگوں کے اختلاف صورت و سیرت کی وجوہ و اسباب
232,1,232,پیغمبر ﷺ کو غسل و کفن دیتے وقت فرمایا,پیغمبر ﷺ کو غسل و کفن دیتے وقت فرمایا
233,1,233,ہجرتِ پیغمبر ﷺ کے بعد اُن کے عقب میں روانہ ہونے کے متعلق فرمایا,ہجرتِ پیغمبر ﷺ کے بعد اُن کے عقب میں روانہ ہونے کے متعلق
234,1,234,دنیا میں زادِ آخرت مہیا کرنے اور موت سے پہلے عمل بجا لانے کے متعلق فرمایا,زادِ آخرت مہیا کرنے اور موت سے پہلے عمل بجا لانے کے متعلق
235,1,235,حکمین کے بارے میں فرمایا اور اہل شام کی مذمت میں فرمایا,حکمین کے بارے میں فرمایا اور اہل شام کی مذمت میں فرمایا
236,1,236,آلِ محمد علیہم السلام کی توصیف اور روایت میں عقل و درایت سے کام لینے کے لئے فرمایا,آلِ محمدؑ کی توصیف اور روایت میں عقل و درایت سے کام لینا
237,1,237,جب عثمان نے عبد اللہ ابن عباس کے ذریعے پیغام بھجوایا کہ آپؑ ینبع چلے جائیں تو اس موقع پر فرمایا,جب عثمان نے ینبع چلے جانے کے لیے پیغام بھجوایا تو فرمایا
238,1,238,اپنے اصحاب کو آمادہ جنگ کرنے اور آرام طلبی سے بچنے کے لئے فرمایا,اصحاب کو آمادہ جنگ کرنے اور آرام طلبی سے بچنے کے لئے فرمایا
239,2,1,مدینہ سے بصرہ روانہ ہوتے وقت اہل کوفہ کے نام,مدینہ سے بصرہ روانہ ہوتے وقت اہل کوفہ کے نام
240,2,2,جنگ جمل کے خاتمہ پر اہل کوفہ کے نام,جنگ جمل کے خاتمہ پر اہل کوفہ کے نام
241,2,3,شریح ابن حارث کے مکان کی دستاویز ,شریح ابن حارث کے مکان کی دستاویز 
242,2,4,عثمان ابن حنیف انصاری کے نام,عثمان ابن حنیف انصاری کے نام
243,2,5,اشعث ابن قیس عامل آذربائیجان کے نام,اشعث ابن قیس عامل آذربائیجان کے نام
244,2,6,معاویہ کے نام,معاویہ کے نام
245,2,7,معاویہ کے نام,معاویہ کے نام
246,2,8,جریر ابن عبداللہ بجلی کے نام,جریر ابن عبداللہ بجلی کے نام
247,2,9,معاویہ کے نام,معاویہ کے نام
248,2,10,معاویہ کے نام,معاویہ کے نام
249,2,11,زیاد ابن نضر اور شریح ابن ہانی کے نام,زیاد ابن نضر اور شریح ابن ہانی کے نام
250,2,12,معقل ابن قیس کے نام,معقل ابن قیس کے نام
251,2,13,زیاد ابن نضر اور شریح ابن ہانی کے نام,زیاد ابن نضر اور شریح ابن ہانی کے نام
252,2,14,جنگ صفین چھڑنے سے پہلے فوج کو ہدایت,جنگ صفین چھڑنے سے پہلے فوج کو ہدایت
253,2,15,دشمن سے دوبدو ہوتے وقت حضرت کے دعائیہ کلمات,دشمن سے دوبدو ہوتے وقت حضرت کے دعائیہ کلمات
254,2,16,جنگ کے موقع پر فوج کو ہدایت,جنگ کے موقع پر فوج کو ہدایت
255,2,17,بجواب معاویہ,بجواب معاویہ
256,2,18,عبداللہ ابن عباس عامل بصرہ کے نام,عبداللہ ابن عباس عامل بصرہ کے نام
257,2,19,ایک عہدہ دار کے نام,ایک عہدہ دار کے نام
258,2,20, زیاد ابن ابیہ کے نام, زیاد ابن ابیہ کے نام
259,2,21,زیاد ابن ابیہ کے نام,زیاد ابن ابیہ کے نام
260,2,22,عبداللہ ابن عباس کے نام,عبداللہ ابن عباس کے نام
261,2,23,ابن ملجم کے حملہ کے بعد حضرت کی وصیت ,ابن ملجم کے حملہ کے بعد حضرت کی وصیت 
262,2,24,صفین سے واپسی پر اوقاف کے متعلق وصیت,صفین سے واپسی پر اوقاف کے متعلق وصیت
263,2,25,زکوۃ جمع کرنے والوں کو ہدایت,زکوۃ جمع کرنے والوں کو ہدایت
264,2,26,زکوۃ کے ایک کارندے کے نام,زکوۃ کے ایک کارندے کے نام
265,2,27,محمد ابن ابی بکر کے نام,محمد ابن ابی بکر کے نام
266,2,28,معاویہ کےایک خط کے جواب میں,معاویہ کےایک خط کے جواب میں
267,2,29,اہل بصر ہ کے نام,اہل بصر ہ کے نام
268,2,30, معاویہ کے نام, معاویہ کے نام
269,2,31,امام حسن علیہ السلام کو وصیت,امام حسن علیہ السلام کو وصیت
270,2,32,معاویہ کے نام,معاویہ کے نام
271,2,33,قثم ابن عباس عامل مکہ کے نام,قثم ابن عباس عامل مکہ کے نام
272,2,34,محمد ابن ابی بکر کے نام,محمد ابن ابی بکر کے نام
273,2,35,عبداللہ ابن عباس کے نام,عبداللہ ابن عباس کے نام
274,2,36,عقیل کے خط کے جواب میں,عقیل کے خط کے جواب میں
275,2,37,معاویہ کے نام,معاویہ کے نام
276,2,38,اہل مصر کے نام,اہل مصر کے نام
277,2,39,عمر و ابن عاص کے نام,عمر و ابن عاص کے نام
278,2,40,ایک عامل کے نام,ایک عامل کے نام
279,2,41,ایک عامل کے نام,ایک عامل کے نام
280,2,42,عمر ابن ابی سلمہ عامل بحرین کے نام,عمر ابن ابی سلمہ عامل بحرین کے نام
281,2,43,مصقلہ ابن ہبیرہ عامل اردشیرخرہ کے نام,مصقلہ ابن ہبیرہ عامل اردشیرخرہ کے نام
282,2,44,زیاد ابن ابیہ کے نام,زیاد ابن ابیہ کے نام
283,2,45,عثمان ابن حنیف بصرہ کے نام,عثمان ابن حنیف بصرہ کے نام
284,2,46,ایک عامل کے نام,ایک عامل کے نام
285,2,47,ابن ملجم کے حملے کے بعد حسنین علیہما السلام کو وصیت,ابن ملجم کے حملے کے بعد حسنین علیہما السلام کو وصیت
286,2,48,معاویہ کے نام,معاویہ کے نام
287,2,49,معاویہ کے نام,معاویہ کے نام
288,2,50, سپہ سالاروں کے نام, سپہ سالاروں کے نام
289,2,51,خراج کے کارندوں کے نام,خراج کے کارندوں کے نام
290,2,52,اوقات نماز کے بارے میں عہدہ داروں کے نام,اوقات نماز کے بارے میں عہدہ داروں کے نام
291,2,53,آئین حکومت کے سلسلہ میں مالک ابن حارث کو ہدایت,آئین حکومت کے سلسلہ میں مالک ابن حارث کو ہدایت
292,2,54,طلحہ و زبیر کے نام,طلحہ و زبیر کے نام
293,2,55,معاویہ کے نام,معاویہ کے نام
294,2,56,شریح ابن ہانی کو ہدایت,شریح ابن ہانی کو ہدایت
295,2,57,مدینہ سے بصرہ روانہ ہوتے وقت اہل کوفہ کے نام,مدینہ سے بصرہ روانہ ہوتے وقت اہل کوفہ کے نام
296,2,58,مختلف شہروں کے باشندوں کے نام,مختلف شہروں کے باشندوں کے نام
297,2,59,اسود ابن قطیبہ کے نام,اسود ابن قطیبہ کے نام
298,2,60,فوج کی گزر گاہ میں واقع ہونے والے علاقوں کے حکام کے نام,فوج کی گزر گاہ میں واقع ہونے والے علاقوں کے حکام کے نام
299,2,61,کمیل ابن زیاد نحعی کے نام,کمیل ابن زیاد نحعی کے نام
300,2,62,اہل مصر کے نام,اہل مصر کے نام
301,2,63,ابو موسیٰ اشعری کے نام,ابو موسیٰ اشعری کے نام
302,2,64,بجواب معاویہ,بجواب معاویہ
303,2,65,معاویہ کے نام,معاویہ کے نام
304,2,66,عبداللہ ابن عباس کے نام,عبداللہ ابن عباس کے نام
305,2,67,قثم ابن عباس عامل مکہ کے نام,قثم ابن عباس عامل مکہ کے نام
306,2,68,سلمان فارسی کے نام,سلمان فارسی کے نام
307,2,69,حارث ہمدانی کے نام,حارث ہمدانی کے نام
308,2,70,سہل ابن حنیف عامل مدینہ کے نام,سہل ابن حنیف عامل مدینہ کے نام
309,2,71,منذر ابن جارود عبدی کے نام,منذر ابن جارود عبدی کے نام
310,2,72,عبداللہ ابن عباس کے نام,عبداللہ ابن عباس کے نام
311,2,73,معاویہ کے نام,معاویہ کے نام
312,2,74,ربیعہ اور یمن کے مابین معاہدہ,ربیعہ اور یمن کے مابین معاہدہ
313,2,75,معاویہ کے نام,معاویہ کے نام
314,2,76,عبداللہ ابن عباس کے نام,عبداللہ ابن عباس کے نام
315,2,77,عبداللہ ابن عباس کو ہدایت,عبداللہ ابن عباس کو ہدایت
316,2,78,بجواب ابو موسیٰ اشعری,بجواب ابو موسیٰ اشعری
317,2,79,سپہ سالاروں کے نام,سپہ سالاروں کے نام
318,3,1,فتنہ وفسادسےعلیحدگی,فتنہ وفسادسےعلیحدگی
319,3,2,ذلتِ نفس کے اسباب,ذلتِ نفس کے اسباب
320,3,3,عیوب و محاسن,عیوب و محاسن
321,3,4,علم وادب,علم وادب
322,3,5,چند اوصاف,چند اوصاف
323,3,6,خود پسندی,خود پسندی
324,3,7,انسانی حاسے,انسانی حاسے
325,3,8,اقبال و ادبار,اقبال و ادبار
326,3,9,حُسنِ معاشرت,حُسنِ معاشرت
327,3,10,عفو و اقتدار,عفو و اقتدار
328,3,11,عجز و درماندگی,عجز و درماندگی
329,3,12,ناشکری,ناشکری
330,3,13,اپنے اور بیگانے,اپنے اور بیگانے
331,3,14,مبتلائے فتنہ,مبتلائے فتنہ
332,3,15,تدبیر کی بے چارگی,تدبیر کی بے چارگی
333,3,16,خضاب,خضاب
334,3,17,غیر جانبداری,غیر جانبداری
335,3,18,طول اَمل,طول اَمل
336,3,19,پاس مروّت,پاس مروّت
337,3,20,شرم و حیا,شرم و حیا
338,3,21,حق سے محرومی,حق سے محرومی
339,3,22,عمل اور نسب,عمل اور نسب
340,3,23,دستگیری,دستگیری
341,3,24,مہلت,مہلت
342,3,25,بات چھپ نہیں سکتی,بات چھپ نہیں سکتی
343,3,26,ہمت نہ چھوڑو,ہمت نہ چھوڑو
344,3,27,اخفائے زہد,اخفائے زہد
345,3,28,موت,موت
346,3,29,پردہ پوشی,پردہ پوشی
347,3,30,ایمان,ایمان
348,3,31,کفر,کفر
349,3,32,نیکی و بدی,نیکی و بدی
350,3,33,میانہ روی,میانہ روی
351,3,34,ترکِ آرزو,ترکِ آرزو
352,3,35,مرنجان مرنج,مرنجان مرنج
353,3,36,طول اَمل,طول اَمل
354,3,37,تعظیم کا ایک طریقہ,تعظیم کا ایک طریقہ
355,3,38,امام حسن ؈ کو نصیحت,امام حسن ؈ کو نصیحت
356,3,39,فرائض کی اہمیت,فرائض کی اہمیت
357,3,40,دانا و نادان,دانا و نادان
358,3,41,عاقل و احمق,عاقل و احمق
359,3,42,اجر و عوض,اجر و عوض
360,3,43,خباب ابن ارت,خباب ابن ارت
361,3,44,قابل مبارکباد,قابل مبارکباد
362,3,45,مومن و منافق,مومن و منافق
363,3,46,خود پسندی,خود پسندی
364,3,47,قدر ہر کس بقدر ہمت اوست,قدر ہر کس بقدر ہمت اوست
365,3,48,حزم و احتیاط,حزم و احتیاط
366,3,49,شریف و رذیل,شریف و رذیل
367,3,50,دل وحشت پسند,دل وحشت پسند
368,3,51,خوش بختی,خوش بختی
369,3,52,عفوو درگزر,عفوو درگزر
370,3,53,سخاوت کے معنی,سخاوت کے معنی
371,3,54,چند صفتیں,چند صفتیں
372,3,55,صبر کی دو قسمیں,صبر کی دو قسمیں
373,3,56,فقر و غنا,فقر و غنا
374,3,57,قناعت,قناعت
375,3,58,مال و دولت,مال و دولت
376,3,59,ناصح کی تلخ بیانی,ناصح کی تلخ بیانی
377,3,60,زبان کی درندگی,زبان کی درندگی
378,3,61,عورت ایک بچھو ہے,عورت ایک بچھو ہے
379,3,62,احسان کا بدلہ,احسان کا بدلہ
380,3,63,سفارش,سفارش
381,3,64,دنیا والوں کی غفلت,دنیا والوں کی غفلت
382,3,65,دوستوں کو کھونا,دوستوں کو کھونا
383,3,66,نا اہل سے سوال,نا اہل سے سوال
384,3,67,سائل کو ناکام نہ پھیرو,سائل کو ناکام نہ پھیرو
385,3,68,عفت و شکر,عفت و شکر
386,3,69,ناکامی کا خیال نہ کرو,ناکامی کا خیال نہ کرو
387,3,70,افراط و تفریط,افراط و تفریط
388,3,71,کمال عقل,کمال عقل
389,3,72,زمانہ کا رویہ,زمانہ کا رویہ
390,3,73,پیشوا کے اوصاف,پیشوا کے اوصاف
391,3,74,یہ سانسیں,یہ سانسیں
392,3,75,رفتنی وگزشتنی,رفتنی وگزشتنی
393,3,76,آغاز و انجام,آغاز و انجام
394,3,77,ضرار کا بیان,ضرار کا بیان
395,3,78,قضا و قدر,قضا و قدر
396,3,79,حکمت,حکمت
397,3,80,سرمایۂ حکمت,سرمایۂ حکمت
398,3,81,ہنر کی قدر و قیمت,ہنر کی قدر و قیمت
399,3,82,پانچ نصیحتیں,پانچ نصیحتیں
400,3,83,مدح سرائی,مدح سرائی
401,3,84,بقیۃ السیف,بقیۃ السیف
402,3,85,ہمہ دانی,ہمہ دانی
403,3,86,بڑوں کا مشورہ,بڑوں کا مشورہ
404,3,87,استغفار,استغفار
405,3,88,ایک لطیف استنباط,ایک لطیف استنباط
406,3,89,اللہ سے خوش معاملگی,اللہ سے خوش معاملگی
407,3,90,پورا علم,پورا علم
408,3,91,دل کی خستگی,دل کی خستگی
409,3,92,علم بے عمل,علم بے عمل
410,3,93,فتنہ کی تفسیر,فتنہ کی تفسیر
411,3,94,خیر کی تشریح,خیر کی تشریح
412,3,95,معیار عمل,معیار عمل
413,3,96,معیار تقرب,معیار تقرب
414,3,97,ایک خارجی کی عبادت,ایک خارجی کی عبادت
415,3,98,روایت و درایت,روایت و درایت
416,3,99,﴿ اِنَّا لِلہِ وَاِنَّآ اِلَيْہِ رٰجِعُوْنَ﴾ کی تفسیر,﴿اِنا للہ واِنا اليہ رٰجعون﴾ کی تفسیر
417,3,100,جواب مدح,جواب مدح
418,3,101,حاجت روائی,حاجت روائی
419,3,102,ایک پیشین گوئی,ایک پیشین گوئی
420,3,103,بوسیدہ لباس,بوسیدہ لباس
421,3,104,نوف بکالی کا بیان,نوف بکالی کا بیان
422,3,105,فرائض کی پابندی,فرائض کی پابندی
423,3,106,دین سے بے اعتنائی,دین سے بے اعتنائی
424,3,107,غیر مفید علم,غیر مفید علم
425,3,108,دل کی حالت,دل کی حالت
426,3,109,مرکز ہدایت,مرکز ہدایت
427,3,110,حاکم کے اوصاف,حاکم کے اوصاف
428,3,111,سہل ابن حنیف,سہل ابن حنیف
429,3,112,محبت اہل بیتؑ,محبت اہل بیتؑ
430,3,113,پسندیدہ اوصاف,پسندیدہ اوصاف
431,3,114,خوش گمانی و بد گمانی,خوش گمانی و بد گمانی
432,3,115,مزاج پُرسی کا جواب,مزاج پُرسی کا جواب
433,3,116,ابتلاء و آزمائش,ابتلاء و آزمائش
434,3,117,دوست و دشمن,دوست و دشمن
435,3,118,فرصت کے کھونے کا نتیجہ,فرصت کے کھونے کا نتیجہ
436,3,119,دنیا کی ایک مثال,دنیا کی ایک مثال
437,3,120,قریش کی خصوصیت,قریش کی خصوصیت
438,3,121,دو عمل,دو عمل
439,3,122,مشایعت جنازہ,مشایعت جنازہ
440,3,123,چند صفات,چند صفات
441,3,124,غیرت,غیرت
442,3,125,حقیقی اسلام,حقیقی اسلام
443,3,126,تعجب انگیز چیزیں,تعجب انگیز چیزیں
444,3,127,کوتاہی اعمال کا نتیجہ,کوتاہی اعمال کا نتیجہ
445,3,128,بہار و خزاں میں احتیاط,بہار و خزاں میں احتیاط
446,3,129,عظمتِ خالق,عظمتِ خالق
447,3,130,مرنے والوں سے خطاب,مرنے والوں سے خطاب
448,3,131,دنیا کی ستائش,دنیا کی ستائش
449,3,132,فرشتے کی ندا,فرشتے کی ندا
450,3,133,بے ثباتی دنیا,بے ثباتی دنیا
451,3,134,دوستی کے شرائط,دوستی کے شرائط
452,3,135,چار چیزیں,چار چیزیں
453,3,136,بعض عبادات کی تشریح,بعض عبادات کی تشریح
454,3,137,صدقہ,صدقہ
455,3,138,جود و سخا,جود و سخا
456,3,139,رزق و روزی,رزق و روزی
457,3,140,کفایت شعاری,کفایت شعاری
458,3,141,راحت و آسودگی,راحت و آسودگی
459,3,142,میل ملاقات,میل ملاقات
460,3,143,غم,غم
461,3,144,صبر,صبر
462,3,145,عمل بے روح,عمل بے روح
463,3,146,صدقہ و زکوٰۃ,صدقہ و زکوٰۃ
464,3,147,فضیلتِ علم,فضیلتِ علم
465,3,148,تا مرد سخن نگفتہ باشد,تا مرد سخن نگفتہ باشد
466,3,149,قدر نا شناسی,قدر نا شناسی
467,3,150,پندو موعظت,پندو موعظت
468,3,151,انجام,انجام
469,3,152,نیستی و بربادی,نیستی و بربادی
470,3,153,صبر و شکیبائی,صبر و شکیبائی
471,3,154,عمل اور اس پر رضا مندی,عمل اور اس پر رضا مندی
472,3,155,عہد و پیمان,عہد و پیمان
473,3,156,معرفتِ امام,معرفتِ امام
474,3,157,پند و نصیحت,پند و نصیحت
475,3,158,بُرائی کا بدلہ بھلائی,بُرائی کا بدلہ بھلائی
476,3,159,مواقع تہمت,مواقع تہمت
477,3,160,جانبداری,جانبداری
478,3,161,خودرائی,خودرائی
479,3,162,رازداری,رازداری
480,3,163,فقر و ناداری,فقر و ناداری
481,3,164,حق کی ادائیگی,حق کی ادائیگی
482,3,165,اطاعتِ مخلوق,اطاعتِ مخلوق
483,3,166,حق سے دستبرداری,حق سے دستبرداری
484,3,167,خود پسندی,خود پسندی
485,3,168,قربِ موت,قربِ موت
486,3,169,صبح کا اُجالا,صبح کا اُجالا
487,3,170,توبہ میں مشکلات,توبہ میں مشکلات
488,3,171,حرص و طمع,حرص و طمع
489,3,172,جہل و نادانی,جہل و نادانی
490,3,173,مشورہ,مشورہ
491,3,174,نیت کا روزہ,نیت کا روزہ
492,3,175,خوف کا علاج,خوف کا علاج
493,3,176,سردار کی علامت,سردار کی علامت
494,3,177,بدی سے روکنے کا طریقہ,بدی سے روکنے کا طریقہ
495,3,178,دل کی صفائی,دل کی صفائی
496,3,179,ضد اور ہٹ دھرمی,ضد اور ہٹ دھرمی
497,3,180,طمع,طمع
498,3,181,دُور اندیشی,دُور اندیشی
499,3,182,خاموشی و گویائی کا محل,خاموشی و گویائی کا محل
500,3,183,دو مختلف دعوتیں,دو مختلف دعوتیں
501,3,184,یقین,یقین
502,3,185,صدق بیانی,صدق بیانی
503,3,186,ظلم کا انجام,ظلم کا انجام
504,3,187,چل چلاؤ کا ہنگام,چل چلاؤ کا ہنگام
505,3,188,حق سے رو گردانی,حق سے رو گردانی
506,3,189,صبر,صبر
507,3,190,معیارِ خلافت,معیارِ خلافت
508,3,191,دنیا کی حالت,دنیا کی حالت
509,3,192,دوسروں کا حق,دوسروں کا حق
510,3,193,خوش دلی و بد دلی,خوش دلی و بد دلی
511,3,194,غصّہ اور انتقام,غصّہ اور انتقام
512,3,195,گندگی کو دیکھ کر,گندگی کو دیکھ کر
513,3,196,عبرت کی قدر و قیمت,عبرت کی قدر و قیمت
514,3,197,دلوں کی خستگی,دلوں کی خستگی
515,3,198,قول خوارج,قول خوارج
516,3,199,عوام,عوام
517,3,200,تماشائی,تماشائی
518,3,201,محافظ فرشتے,محافظ فرشتے
519,3,202,بجواب طلحہ و زبیر,بجواب طلحہ و زبیر
520,3,203,موت کی گرفت,موت کی گرفت
521,3,204,قدرت کی قدر دانی,قدرت کی قدر دانی
522,3,205,ظرفِ علم,ظرفِ علم
523,3,206,علم و بردباری,علم و بردباری
524,3,207,برد بار بنو,برد بار بنو
525,3,208,محاسبہ,محاسبہ
526,3,209,آخری دور,آخری دور
527,3,210,آخرت,آخرت
528,3,211,چند ہدایتیں,چند ہدایتیں
529,3,212,خود پسندی,خود پسندی
530,3,213,صبر و درگزر,صبر و درگزر
531,3,214, نرمی و ملائمت, نرمی و ملائمت
532,3,215,مخالفت بے جا,مخالفت بے جا
533,3,216,گردن کشی,گردن کشی
534,3,217,نشیب و فراز,نشیب و فراز
535,3,218,حسد,حسد
536,3,219,طمع و حرص,طمع و حرص
537,3,220,بدگمانی,بدگمانی
538,3,221,ظلم و تعدی,ظلم و تعدی
539,3,222,چشم پوشی,چشم پوشی
540,3,223,شرم و حیا,شرم و حیا
541,3,224,چند اوصاف,چند اوصاف
542,3,225,یہ حاسد,یہ حاسد
543,3,226,طمع,طمع
544,3,227,ایمان کی تعریف,ایمان کی تعریف
545,3,228,غم دنیا,غم دنیا
546,3,229,قناعت,قناعت
547,3,230,شرکت,شرکت
548,3,231,عدل و احسان,عدل و احسان
549,3,232,اس ہاتھ دے اس ہاتھ لے,اس ہاتھ دے اس ہاتھ لے
550,3,233,دعوت مقابلہ,دعوت مقابلہ
551,3,234,عورت و مرد کے صفات,عورت و مرد کے صفات
552,3,235,عاقل و جاہل,عاقل و جاہل
553,3,236,دنیا کی بے قدری,دنیا کی بے قدری
554,3,237,عبادت کے اقسام,عبادت کے اقسام
555,3,238,عورت کی مذمت,عورت کی مذمت
556,3,239,تساہل و عیب جوئی,تساہل و عیب جوئی
557,3,240,غصب,غصب
558,3,241,ظالم و مظلوم,ظالم و مظلوم
559,3,242,تقویٰ,تقویٰ
560,3,243,جوابات کی کثرت,جوابات کی کثرت
561,3,244,شکر و سپاس,شکر و سپاس
562,3,245,خواہشات کی کمی,خواہشات کی کمی
563,3,246,کفرانِ نعمت,کفرانِ نعمت
564,3,247,جذبۂ کرم,جذبۂ کرم
565,3,248,حُسنِ ظن,حُسنِ ظن
566,3,249,افضل اعمال,افضل اعمال
567,3,250,خداشناسی,خداشناسی
568,3,251,تلخی و شیرینی,تلخی و شیرینی
569,3,252,فرائض کے حکم و مصالح,فرائض کے حکم و مصالح
570,3,253,جھوٹی قسم,جھوٹی قسم
571,3,254,اُمور خیر کی وصیت,اُمور خیر کی وصیت
572,3,255,غیظ و غضب,غیظ و غضب
573,3,256,حسد,حسد
574,3,257,حاجت روائی,حاجت روائی
575,3,258,صدقہ,صدقہ
576,3,259,وفا و غداری,وفا و غداری
577,3,260,ابتلا و آزمائش,ابتلا و آزمائش
578,3,261,بے وفا ساتھی,بے وفا ساتھی
579,3,262,حارث ابن حُوط,حارث ابن حُوط
580,3,263,مصاحب سلطان,مصاحب سلطان
581,3,264,حُسنِ سلوک,حُسنِ سلوک
582,3,265,کلام حکماء,کلام حکماء
583,3,266,ایک سائل کے جواب میں,ایک سائل کے جواب میں
584,3,267,فکر فردا,فکر فردا
585,3,268,دوستی و دشمنی میں احتیاط,دوستی و دشمنی میں احتیاط
586,3,269,عمل دنیا و عمل آخرت,عمل دنیا و عمل آخرت
587,3,270,خانہ کعبہ کے زیور,خانہ کعبہ کے زیور
588,3,271,بیت المال کی چوری,بیت المال کی چوری
589,3,272,احکام میں ترمیم,احکام میں ترمیم
590,3,273,تقدیر و تدبیر,تقدیر و تدبیر
591,3,274,علم و یقین,علم و یقین
592,3,275,طمع و حرص,طمع و حرص
593,3,276,ظاہر و باطن,ظاہر و باطن
594,3,277,ایک قسم,ایک قسم
595,3,278,مفید عمل,مفید عمل
596,3,279,فرائض کی اہمیت,فرائض کی اہمیت
597,3,280,آخرت,آخرت
598,3,281,عقل کی رہبری,عقل کی رہبری
599,3,282,غفلت,غفلت
600,3,283,عالم و جاہل,عالم و جاہل
601,3,284,قطع عذر,قطع عذر
602,3,285,طلب مہلت,طلب مہلت
603,3,286,بُرا دن,بُرا دن
604,3,287,قضا ا ور قدر,قضا ا ور قدر
605,3,288,علم سے محرومی,علم سے محرومی
606,3,289,ایک دینی بھائی,ایک دینی بھائی
607,3,290,ترک معصیت,ترک معصیت
608,3,291,تعزیت,تعزیت
609,3,292,قبر رسولؐ پر,قبر رسولؐ پر
610,3,293,بے وقوف کی مصاحبت,بے وقوف کی مصاحبت
611,3,294,مغرب و مشرق کا فاصلہ,مغرب و مشرق کا فاصلہ
612,3,295,دوست و دشمن,دوست و دشمن
613,3,296,ایذا رسانی,ایذا رسانی
614,3,297,عبرت و بصیرت,عبرت و بصیرت
615,3,298,دشمنی میں خوفِ خدا کا لحاظ,دشمنی میں خوفِ خدا کا لحاظ
616,3,299,توبہ,توبہ
617,3,300,حساب و کتاب,حساب و کتاب
618,3,301,قاصد,قاصد
619,3,302,محتاجِ دعا,محتاجِ دعا
620,3,303,ابنائے دنیا,ابنائے دنیا
621,3,304,خدا کا فرستادہ,خدا کا فرستادہ
622,3,305,غیرت مند,غیرت مند
623,3,306,پاسبانِ زندگی,پاسبانِ زندگی
624,3,307,مال سے لگاؤ,مال سے لگاؤ
625,3,308,دوستی و قرابت,دوستی و قرابت
626,3,309,ظن مومن,ظن مومن
627,3,310,توکل,توکل
628,3,311,اَنس ابن مالک,اَنس ابن مالک
629,3,312,دلوں کی حالت,دلوں کی حالت
630,3,313,قرآن کی جامعیت,قرآن کی جامعیت
631,3,314,پتھر کا جواب پتھر سے,پتھر کا جواب پتھر سے
632,3,315,خط کی دیدہ زیبی,خط کی دیدہ زیبی
633,3,316,یعسوب المومنین,یعسوب المومنین
634,3,317,ایک یہودی,ایک یہودی
635,3,318,غلبہ کا سبب,غلبہ کا سبب
636,3,319,فقر و فاقہ,فقر و فاقہ
637,3,320,طرزِ سوال,طرزِ سوال
638,3,321,ایک مشورہ,ایک مشورہ
639,3,322,زنانِ کوفہ,زنانِ کوفہ
640,3,323,خوارج نہروان,خوارج نہروان
641,3,324,گواہ بھی اور حاکم بھی,گواہ بھی اور حاکم بھی
642,3,325,محمد ابن ابی بکر کی موت,محمد ابن ابی بکر کی موت
643,3,326,عذر پذیری,عذر پذیری
644,3,327,غلط طریقہ سے کامیابی,غلط طریقہ سے کامیابی
645,3,328,فقراء کا حصّہ,فقراء کا حصّہ
646,3,329,عذر خواہی,عذر خواہی
647,3,330,نعمت کا صرف بے جا,نعمت کا صرف بے جا
648,3,331,ادائے فرض کا موقعہ,ادائے فرض کا موقعہ
649,3,332,بادشاہ کی حیثیت,بادشاہ کی حیثیت
650,3,333,مومن کے اوصاف,مومن کے اوصاف
651,3,334,فریب آرزو,فریب آرزو
652,3,335,دوحصہ دار,دوحصہ دار
653,3,336,وعدہ وفائی,وعدہ وفائی
654,3,337,بےعمل کی دُعا,بےعمل کی دُعا
655,3,338,علم کی دو قسمیں,علم کی دو قسمیں
656,3,339,اِقبال و اِدبار,اِقبال و اِدبار
657,3,340,عفت و شکر,عفت و شکر
658,3,341,ظالم و مظلوم,ظالم و مظلوم
659,3,342,بڑی دولت مندی,بڑی دولت مندی
660,3,343,کچھ لوگوں کی حالت,کچھ لوگوں کی حالت
661,3,344,پندو موعظت,پندو موعظت
662,3,345,گناہ سے درماندگی,گناہ سے درماندگی
663,3,346,سوال,سوال
664,3,347,مدح میں حد اعتدال,مدح میں حد اعتدال
665,3,348,بڑا گناہ,بڑا گناہ
666,3,349,اچھے اور بُرے اوصاف,اچھے اور بُرے اوصاف
667,3,350,ظالم کے علامات,ظالم کے علامات
668,3,351,سختی کے بعد آسانی,سختی کے بعد آسانی
669,3,352,زن و فرزند سے لگاؤ,زن و فرزند سے لگاؤ
670,3,353,عیب جوئی,عیب جوئی
671,3,354,تہنیت فرزند,تہنیت فرزند
672,3,355,دولت کے آثار,دولت کے آثار
673,3,356,رزق رسانی,رزق رسانی
674,3,357,تعزیت,تعزیت
675,3,358,نعمت و نقمت,نعمت و نقمت
676,3,359,اِصلاح نفس,اِصلاح نفس
677,3,360,بدگمانی,بدگمانی
678,3,361,دُعا کا طریقہ,دُعا کا طریقہ
679,3,362,عزت کی نگہداشت,عزت کی نگہداشت
680,3,363,موقع و محل,موقع و محل
681,3,364,بے فائدہ سوال,بے فائدہ سوال
682,3,365,پسندیدہ صفتیں,پسندیدہ صفتیں
683,3,366,علم و عمل,علم و عمل
684,3,367,تغیر و انقلاب,تغیر و انقلاب
685,3,368,ثواب و عقاب,ثواب و عقاب
686,3,369,ایک زمانہ,ایک زمانہ
687,3,370,تقویٰ و پرہیزگاری,تقویٰ و پرہیزگاری
688,3,371,اچھی اور بُری صفتیں,اچھی اور بُری صفتیں
689,3,372,جابر ابن عبد اللہ,جابر ابن عبد اللہ
690,3,373,امر بالمعروف و نہی عن المنکر,امر بالمعروف و نہی عن المنکر
691,3,374,امر بالمعروف و نہی عن المنکر,امر بالمعروف و نہی عن المنکر
692,3,375,امر بالمعروف و نہی عن المنکر,امر بالمعروف و نہی عن المنکر
693,3,376,حق و باطل کا نتیجہ,حق و باطل کا نتیجہ
694,3,377,امید و یاس,امید و یاس
695,3,378,بخل,بخل
696,3,379,رزق وروزی,رزق وروزی
697,3,380,زندگی و موت,زندگی و موت
698,3,381,زبان کی نگہداشت,زبان کی نگہداشت
699,3,382,سکوت,سکوت
700,3,383,معصیت,معصیت
701,3,384,محل اعتماد,محل اعتماد
702,3,385,دنیا,دنیا
703,3,386,جویندہ یا بندہ,جویندہ یا بندہ
704,3,387,نیکی اور بدی,نیکی اور بدی
705,3,388,بڑی نعمت,بڑی نعمت
706,3,389,حسب و نسب,حسب و نسب
707,3,390,مومن کے اوقات,مومن کے اوقات
708,3,391,زہدِ دنیا,زہدِ دنیا
709,3,392,تامرد سخن نگفتہ باشد,تامرد سخن نگفتہ باشد
710,3,393,طلب دنیا,طلب دنیا
711,3,394,بات کا اثر,بات کا اثر
712,3,395,قناعت,قناعت
713,3,396,دو دن,دو دن
714,3,397,مشک,مشک
715,3,398,فخر و سربلندی,فخر و سربلندی
716,3,399,فرزند و پدر کے حقوق,فرزند و پدر کے حقوق
717,3,400,با اثر اور بے اثر,با اثر اور بے اثر
718,3,401,اخلاق میں ہم آہنگی,اخلاق میں ہم آہنگی
719,3,402,بے محل گفتگو,بے محل گفتگو
720,3,403,طلب الکل، فوت الکل,طلب الکل، فوت الکل
721,3,404,»لَاحَوْلَ وَ لَا قُوَّۃَ «کے معنی,»لَاحَوْلَ وَ لَا قُوَّۃَ «کے معنی
722,3,405,مغیرہ ابن شعبہ,مغیرہ ابن شعبہ
723,3,406,تواضع و خود داری,تواضع و خود داری
724,3,407,عقل,عقل
725,3,408,حق سے ٹکراؤ,حق سے ٹکراؤ
726,3,409,دل,دل
727,3,410, تقویٰ, تقویٰ
728,3,411,استاد کا احترام,استاد کا احترام
729,3,412,آراستگیٔ نفس,آراستگیٔ نفس
730,3,413,قہری صبر,قہری صبر
731,3,414,تعزیت,تعزیت
732,3,415,دنیا کی حالت,دنیا کی حالت
733,3,416,امام حسن ؈ کو ہدایت,امام حسن ؈ کو ہدایت
734,3,417,استغفار کے معنی,استغفار کے معنی
735,3,418,علم و بُردباری,علم و بُردباری
736,3,419,بے بسی,بے بسی
737,3,420,بے باک نگاہیں,بے باک نگاہیں
738,3,421,عقل کی رہبری,عقل کی رہبری
739,3,422,چھوٹی اور بڑی نیکی,چھوٹی اور بڑی نیکی
740,3,423,اللہ سے خوش معاملگی,اللہ سے خوش معاملگی
741,3,424,حلم و عقل,حلم و عقل
742,3,425,حقوق نعمت,حقوق نعمت
743,3,426,صحت و ثروت,صحت و ثروت
744,3,427,اللہ کا شکوہ,اللہ کا شکوہ
745,3,428,عید,عید
746,3,429,حسرت و اندوہ,حسرت و اندوہ
747,3,430,ناکام کوشش,ناکام کوشش
748,3,431,رزق و روزی,رزق و روزی
749,3,432,دوستانِ خدا,دوستانِ خدا
750,3,433,موت کی یاد,موت کی یاد
751,3,434,آزمائش,آزمائش
752,3,435,شکر، دُعا اور توبہ,شکر، دُعا اور توبہ
753,3,436,رگِ شرافت,رگِ شرافت
754,3,437,عدل و جود,عدل و جود
755,3,438,جہالت,جہالت
756,3,439,زُہد کی تعریف,زُہد کی تعریف
757,3,440,غفلت,غفلت
758,3,441,حکومت,حکومت
759,3,442,بہترین شہر,بہترین شہر
760,3,443,مالک اشتر,مالک اشتر
761,3,444,استقلال,استقلال
762,3,445,صفات میں ہم رنگی,صفات میں ہم رنگی
763,3,446,غالب ابن صعصعہ,غالب ابن صعصعہ
764,3,447,تجارت,تجارت
765,3,448,بڑی معصیت,بڑی معصیت
766,3,449,عزت نفس,عزت نفس
767,3,450,مزاح,مزاح
768,3,451,خود داری,خود داری
769,3,452,فقر و غنا,فقر و غنا
770,3,453,عبد اللہ ابن زبیر,عبد اللہ ابن زبیر
771,3,454,فخر و غرور,فخر و غرور
772,3,455,امراء القیس,امراء القیس
773,3,456,ترکِ دنیا,ترکِ دنیا
774,3,457,دو طلبگار,دو طلبگار
775,3,458,ایمان کی علامت,ایمان کی علامت
776,3,459,تقدیر و تدبیر,تقدیر و تدبیر
777,3,460,بلند ہمتی,بلند ہمتی
778,3,461,غیبت,غیبت
779,3,462,حُسنِ ثنا,حُسنِ ثنا
780,3,463,دُنیا,دُنیا
781,3,464,بنی اُمیہ,بنی اُمیہ
782,3,465,انصار,انصار
783,3,466,ایک استعارہ,ایک استعارہ
784,3,467,ایک والی,ایک والی
785,3,468,خریدو فروخت,خریدو فروخت
786,3,469,دشمن و دوست,دشمن و دوست
787,3,470,توحید و عدل,توحید و عدل
788,3,471,کلام اور خاموشی,کلام اور خاموشی
789,3,472,طلب باراں,طلب باراں
790,3,473,ترک خضاب,ترک خضاب
791,3,474,عفت,عفت
792,3,475,قناعت,قناعت
793,3,476,زیاد ابن ابیہ,زیاد ابن ابیہ
794,3,477,سہل انگاری,سہل انگاری
795,3,478,تعلیم و تعلّم,تعلیم و تعلّم
796,3,479,تکلّف,تکلّف
797,3,480,مفارقت,مفارقت
798,4,1,ظہور حجتؑ ,ظہور حجتؑ 
799,4,2,خطیب ماہر,خطیب ماہر
800,4,3,لڑائی جھگڑا,لڑائی جھگڑا
801,4,4,شوہر کے انتخاب کا حق,شوہر کے انتخاب کا حق
802,4,5,ایمان,ایمان
803,4,6,زکوٰۃ,زکوٰۃ
804,4,7,لشکر کو ہدایت,لشکر کو ہدایت
805,4,8,کامیاب انسان,کامیاب انسان
806,4,9,میدانِ جنگ,میدانِ جنگ
807,5,1,حرف اوّل: علامہ مفتی جعفر حسین قدس سرہ,حرف اوّل: علامہ مفتی جعفر حسین قدس سرہ
808,5,2,حجۃ الاسلام سیّد العلماء مولانا سیّد علی نقی صاحب قبلہ مد ظلّہٗ,مقدمہ از حضرت سید العلماء قدس سرہ
809,5,3,علامہ شریف رضی علیہ الرحمہ کی مختصر سوانح حیات,علامہ شریف رضی علیہ الرحمہ کی مختصر سوانح حیات
810,5,4,دیباچہ: مؤلف نہج البلاغہ علامہ شریف رضی علیہ الرحمہ,دیباچہ: مؤلف نہج البلاغہ علامہ شریف رضی علیہ الرحمہ
