ID,NAME
1,Aashura
2,Abased People
3,Ablution
4,Account
5,Action
6,Adornment
7,Advice
8,Affliction
9,Aggression
10,Agriculture
11,Ahlul Bayt (a.s.)
12,Alcohol
13,Allah (s.w.t)
14,Allah's Antipathy
15,Allah's Pleasure
17,Amicableness
18,Amity
19,Amr bil Ma'ruf [Enjoininq what is right]
20,Anger
21,Animals
22,Answer
23,Anxiety
24,Aqiq [Cornelian/ Agate]
25,Ascetisim
26,Assurance
27,Ayatul Kursi
28,Azaan [Call for prayers]
29,Azadari
30,Backbiting
31,Bad Manners
32,Banes
33,Barzakh [Purgatory]
34,Bathhouse
35,Bathing
36,Beauty
37,Believer
38,Betrayal
39,Biasness
40,Blessings
41,Bounty
42,Bribery
43,Brotherhood
44,Brushing One's Teeth
45,Calamities
46,Captive
47,Carnal Desires
48,Certitude/ Absolute Certainty
49,Character
50,Charity
51,Chastity
52,Cheerfulness
53,Chief
54,Childhood
55,Children
56,Cleanliness
57,Clemency
58,Comfort
59,Common Courtesy
60,Compassion
61,Concealment
62,Condemnation
63,Condolence
64,Congregation [Jama'at]
65,Conjecture
66,Connivance
67,Consanguinal Relations
68,Consultation
69,Contentment
70,Convenant
71,Corruption
72,Counsel
73,Counselor
74,Courage
75,Covetousness
76,Cowardice
77,Creation
78,Creator
79,Cure - Medicine
80,Curse
81,Daughter
82,Death
83,Debt
84,Deceit
85,Delusion
86,Deputyship/ Taqleed
87,Despondence/ Qunut
88,Dhu al-Hijjah
89,Dhu al-Qi'dah
90,Differences
91,Disbelief
92,Disbeliever
93,Disgrace
94,Disobedience
95,Dispute
96,Disregard of Allah's Punishment [Al Amno Min Makrillah]
97,Divine Mercy
98,Divorce
99,Doubt
100,Doubting Wilayat
101,Dreams
102,Dye
103,Earnings
104,Eating
105,Eid  The Festival
106,Elders
107,Eloquence
108,Employment
109,Enjoining Good and Prohibiting Wrong
110,Enmity
111,Enmity towards Ahle Bayt (a.s.)
112,Evil
113,Evil Eyes
114,Expectation
115,Experience
116,Extremism [in Religion]
117,Faith
118,False Testimony
119,Falsehood
120,Fame
121,Family
122,Fasting [Sawm]
123,Fault
124,Fear
125,Fear of Allah (s.w.t)
126,Feeding Others
127,Firoza [Turquoise]
128,Food
129,Foolishness
130,Foot wear
131,Forbidden
132,Forgiveness
133,Fornication
134,Freedom
135,Friday
136,Friday Prayer
137,Friend
138,Friendship
139,Gambling
140,Generosity
141,Gifts
142,Good
143,Good Deeds
144,Good Doing
145,Good Manners
146,Good Naturedness
147,Good Opinion [Husn uz-Zan]
148,Good Repute
149,Good Temper
150,Government
151,Greed
152,Greeting
153,Guarding Tongue
154,Guest
155,Habit
156,Habitual Practice
157,Hadith [Traditions]
158,Hajj [Pilgrimage to Mecca]
159,Halaal [Lawful]
160,Happiness
161,Haram [Prohibited]
162,Harm
163,Haste
164,Hatred of Ahle Bayt (a.s.)
165,Hell
166,Helpers of Imam (a.s.)
167,Helping
168,Hereafter
169,Hoarding
170,Holy Qu'ran
171,Honest
172,Honor
173,Hope
174,Hospitality
175,Housing
176,Humble
177,Humility
178,Hygiene
179,Hypocrisy
180,Idleness
181,Ignorance
182,Imamat
183,Imprisonment
184,Infallibility
185,Infatuation
186,Inner Knowledge
187,Innovation [al-bid`a] 
188,Insight
189,Insulting
190,Intellect
191,Intention
192,Intercession
193,Intimacy
194,Intoxication
195,Islam
196,Istedraaj [Allah's Displeasure]
197,Jealousy
198,Jihad [Struggle]
199,Journey
200,Judgment [in a court of Justice]
201,Jurisprudence
202,Justice
203,Khums
204,Killers of Imam (a.s.)
205,Killing
206,Kindness
207,Knowledge
208,Last Era
209,Laughter
210,Laziness
211,Leadership
212,Legal Punishments
213,Leniency
214,Life
215,Lifespan
216,Lifestyle
217,Listening
218,Loan
219,Loss
220,Love
221,Love of Ahle Bayt (a.s.)
222,Love of Allah (s.w.t.)
223,Lust
224,Lying
225,Madness
226,Making Excuses 
227,Man
228,Management
229,Marketplace
230,Marriage
231,Martyrdom
232,Masjid [Mosque]
233,Memorization
234,Merit
235,Misappropriation
236,Miscellaneous
237,Miser
238,Miserliness
239,Moderate
240,Modesty
241,Moral Lesson
242,Music
243,Muslim
244,Muslim Community
246,Nabuwat [Prophethood]
247,Nahi anil Munkar [Forbidding what is wrong]
248,Nails
249,Najasat
250,Name
251,Needs
252,Negligence
253,Neighbor
254,Night Prayer
255,Nomadism&Apostasy
256,Oath-Taking 
257,Obedience
258,Obligations
259,Obscene Language
261,Obscure Matter
262,Old Age
263,Open Handedness 
264,Opinion
265,Opportunity
266,Oppression
267,Ordeal
268,Orphan
269,Paradise
270,Pardon
271,Parents
272,Partisanship
273,Party
274,Patience
275,Patient
276,Peacemaking
277,Perfume
278,Persians
279,Piety
280,Pliability
281,Poetry
282,Polytheism
283,Possessiveness
284,Poverty
285,Precaution
286,Predestination
287,Pride
288,Procrastination
289,Profession
290,Promise
291,Propagation [of Islam]
292,Prosperity
293,Prudence
294,Punishable Acts
295,Purity
296,Qayamat [Resurrection]
297,Qazaf [To accuse of adultery]
298,Quenching Someone's Thirst
299,Rajab al Murajab
300,Ramaz?n al Mubarak
301,Rancour
302,Recitation
303,Recognition of Allah (s.w.t)
304,Recognition of Imam (a.s.)
305,Recommended Prayers
306,Regret
307,Relatives
308,Reliance in Allah (s.w.t)
309,Religion
310,Remedy
311,Remembrance
312,Repentance
313,Request
314,Resentment
315,Respect
316,Respect of Parents
317,Respite
318,Responsibility
319,Retreat in the Mosque [i`atikaf] 
320,Reward
321,Riches
322,Righteousness
323,Rights
324,Rights of Ahlul Bayt (a.s.)
325,Ring
326,Ruler [Sultan]
327,Salam [Greeting Of Peace] 
328,Salat [Prayer]
329,Salwaat [Invoking Blessings On The Prophet (s.a.w.w)]
330,Satan
331,Satisfaction With Allah'S Divine Decree 
332,Scholar
333,Scorn
334,Scrutiny [Of Man's Actions] 
335,Secrecy
336,Seeking Forgiveness
337,Self-Admiration
338,Self-Restraint
339,Self-Sacrifice
340,Service
341,Sha'ab?n al Moazam
342,Shaking Hands
343,Shi`aa
344,Shiite Characteristics
345,Showing Off
346,Silence
347,Sincerity
348,Sins
349,Sitting And Assembly
350,Sitting Company 
351,Slander 
352,Slave
353,Sleep
354,Social Interaction
355,Sodomy
356,Sorrow
357,Spirit
358,Spying
359,Squandering
360,State
361,Staying Awake at Night
362,Steadfast
363,Straying From The Straight Path 
364,Submission
365,Suckling
366,Sufism (Qadiris)
367,Sujood [Prostration]
368,Supplication
369,Surah 1 - Al-Fatiha
370,Surah 10 - Yunus
371,Surah 100 - Al-Adiyat
372,Surah 101 - Al-Qari'a
373,Surah 102 - At-Takathur
374,Surah 103 - Al-Asr
375,Surah 104 - Al-Humaza
376,Surah 105 - Al-Feel
377,Surah 106 - Quraysh
378,Surah 107 - Al-Ma'un
379,Surah 108 - Al-Kawthar
380,Surah 109 - Al-Kafirun
381,Surah 11 - Hud
382,Surah 110 - An-Nasr
383,Surah 111 - Al-Lahab
384,Surah 112 - Al-Ikhlas
385,Surah 12 - Yusuf
386,Surah 13 - Ar-Ra'd
387,Surah 14 - Ibrahim
388,Surah 16 - An-Nahl
389,Surah 17 - Al-Isra
390,Surah 18 - Al-Kahf
391,Surah 19 - Maryam
392,Surah 2 - Al-Baqara
393,Surah 20 - Ta-Ha
394,Surah 21 - Al-Anbiya
395,Surah 23 - Al-Mu'minoon
396,Surah 24 - An-Nur
397,Surah 25 - Al-Furqan
398,Surah 27 - An-Naml
399,Surah 29 - Al-Ankabut
400,Surah 31 - Luqman
401,Surah 32 - As-Sajda
402,Surah 33 - Al-Ahzab
403,Surah 34 - Saba
404,Surah 36 - Ya Sin
405,Surah 37 - As-Saaffat
406,Surah 38 - Sad
407,Surah 39 - Az-Zumar
408,Surah 4 - An-Nisa
409,Surah 41 - Fussilat
410,Surah 43 - Az-Zukhruf
411,Surah 44 - Ad-Dukhan
412,Surah 45 - Al-Jathiya
413,Surah 46 - Al-Ahqaf
414,Surah 47 - Muhammad
415,Surah 48 - Al-Fath
416,Surah 49 - Al-Hujurat
417,Surah 5 - Al-Ma'ida
418,Surah 50 - Qaf
419,Surah 51 - Az-Zariyat
420,Surah 52 - At-Tur
421,Surah 53 - An-Najm
422,Surah 55 - Ar-Rahman
423,Surah 56 - Al-Waqi'a
424,Surah 57 - Al-Hadid
425,Surah 59 - Al-Hashr
426,Surah 6 - Al-An'am
427,Surah 60 - Al-Mumtahina
428,Surah 61 - As-Saff
429,Surah 62 - Al-Jumu'a
430,Surah 64 - At-Taghabun
431,Surah 65 - At-Talaq
432,Surah 67 - Al-Mulk
433,Surah 68 - Al-Qalam
434,Surah 69 - Al-Haaqqa
435,Surah 7 - Al-A'raf
436,Surah 70 - Al-Maarij
437,Surah 71 - Nuh
438,Surah 72 - Al-Jinn
439,Surah 73 - Al-Muzzammil
440,Surah 74 - Al-Muddathir
441,Surah 75 - Al-Qiyamat
442,Surah 76 - Al-Insan(al-Dahr)
443,Surah 77 - Al-Mursalat
444,Surah 80 - Abasa
445,Surah 82 - Al-Infitar
446,Surah 83 - Al-Mutaffifin
447,Surah 85 - Al-Burooj
448,Surah 86 - At-Tariq
449,Surah 87 - Al-Ala
450,Surah 88 - Al-Ghashiya
451,Surah 89 - Al-Fajr
452,Surah 90 - Al-Balad
453,Surah 91 - Ash-Shams
454,Surah 95 - At-Teen
455,Surah 96 - Al-Alaq
456,Surah 97 - Al-Qadr
457,Surah 98 - Al-Bayyina
458,Surah 99 - Az-Zalzala
459,Suspicion
460,Sustenance
461,Swindling
462,Tawheed [Oneness of Allah]
463,Teacher
464,Thankfulness
465,Thanksgiving
466,Thinking
467,Threat
468,Time
469,Toilet Etiquette
470,Tongue
471,Trade / Business
472,Travel
473,Trees
474,Trial and Temptation
475,Trustworthiness
476,Truth
477,Truthfulness
478,Tyranny
479,Uncategorised
480,Unseen
481,Usurpation
482,Usury
483,Veneration
484,Verdict
485,Visiting
486,Vitality
487,Voice
488,War
489,Wasting
490,Wealth
491,Weeping
492,Wisdom
493,Witness
494,Women
495,World
496,Worship
497,Wrath of Allah (s.w.t)
498,Wretchedness
499,Wrongdoing
500,Yaqood [Ruby]
501,Youth
502,Zakat [Poor Rate]
503,Zamrood [Emerald]
504,Ziyarat [Visitation]
506,Adl
514,Clothing
515,Combing
528,Grave
534,Illness
562,Water
