ID,IMONTH_PERSIAN_ID,NAME,CONTENT_TYPE,ORDER_BY
86,7,فضیلت و اعمال ماه رجب,1,2
87,7,اعمال مشترکه ماه رجب,1,3
88,7,دعاهای هر روز ماه رجب,1,4
89,7,زیارت رجبیه (الحمد الله الذی اشهدنا),1,5
90,7,سایر اعمال ماه رجب,1,6
91,7,اعمال لیله الرغائب,1,7
92,7,اعمال مخصوص روزها و شبهای ماه رجب,1,8
93,7,اعمال روز اول ماه رجب,1,9
94,7,نماز سلمان,1,10
95,7,ایام البیض رجب,1,11
96,7,اعمال شب و روز نیمه رجب,1,12
97,7,عمل و دعای ام داود,1,13
98,7,اعمال شب مبعث,1,14
99,7,کلام ابن بطوطه,1,15
100,7,تتمه اعمال شب مبعث,1,16
101,7,اعمال روز مبعث,1,17
103,8,فضیلت ماه شعبان,1,19
104,8,اعمال مشترکه ماه شعبان,1,20
105,8,صلوات هر روز شعبان,1,21
106,8,مناجات ائمه(ع) در ماه شعبان و مناجات شعبانیه,1,22
107,8,اعمال مخصوصه ماه شعبان,1,23
108,8,در فضیلت روز اول شعبان مشتمل بر فوائد کثیره,1,24
109,8,اعمال روز سوم شعبان,1,25
110,8,فضیلت و اعمال شب نیمه شعبان,1,26
111,8,روز نیمه شعبان,1,27
112,8,دعای شب آخر ماه شعبان و شب اول رمضان,1,28
114,9,خطبه حضرت رسول(ص) در فضیلت ماه رمضان,1,30
116,9,اعمال شب و روز ماه رمضان,1,32
117,9,دعای حج,1,33
118,9,دعای افتتاح,1,34
119,9,اعمال و نماز شب های‌ماه رمضان,1,35
120,9,کیفیت هزار رکعت نماز در ماه رمضان,1,36
121,9,اعمال سحرهای ماه مبارک,1,37
122,9,دعای سحر معروف,1,38
123,9,ابوحمزه ثمالی,1,39
124,9,دعای سحر دیگر,1,40
125,9,مختصرترین دعاهای سحر,1,41
126,9,تسبیحات در سحر,1,42
127,9,اعمال و دعاهای روزهای ماه رمضان,1,43
128,9,تسبیحات و صلوات هر روز ماه رمضان,1,44
130,9,اعمال شب اول و رویت هلال ماه رمضان,1,46
131,9,دعای هلال صحیفه مکرمه,1,47
132,9,بقیه اعمال شب اول,1,48
133,9,اعمال روز اول ماه رمضان,1,49
134,9,اعمال شب سیزدهم ماه رمضان,1,50
135,9,اعمال شب نیمه,1,51
136,9,اعمال شب هفدهم,1,52
137,9,اعمال شب های قدر,1,53
138,9,اعمال شب نوزدهم رمضان,1,54
139,9,اعمال شب بیست ویکم رمضان,1,55
140,9,اعمال شبهای دهه‌ی آخر ماه رمضان,1,56
141,9,بقیه اعمال شب بیست و یکم,1,57
142,9,دعاى شب بيست و دوم,1,58
143,9,اعمال مخصوصه شب بیست و سوم,1,59
144,9,دعاى شب بيست و سوم,1,60
145,9,دعاى شب بيست و چهارم,1,61
146,9,دعاى شب بيست و پنجم,1,62
147,9,دعاى شب بيست و ششم,1,63
148,9,دعای شب بیست وهفتم,1,64
149,9,دعاى شب بيست و هشتم,1,65
150,9,دعاى شب بيست و نهم,1,66
151,9,اعمال شب آخر ماه رمضان,1,67
152,9,اعمال شب سی‌ام,1,68
153,9,دعای روز سی‌ام ماه رمضان,1,69
154,9,نمازهای شب‌های ماه رمضان,1,70
155,9,دعای مختصر هر روز ماه رمضان,1,71
157,10,اعمال شب اول ماه شوال,1,73
158,10,نماز و دعای شب عید فطر,1,74
159,10,اعمال روز عید فطر,1,75
160,10,آداب و کیفیت نماز,1,76
162,11,نماز روز یکشنبه آن,1,78
163,11,فضیلت شب نیمه آن و زیارت امام رضا(ع) در بیست و سوم آن,1,79
164,11,فضیلت شب و روز دحوالارض و اعمال آن,1,80
166,12,اعمال دهه اول آن,1,82
167,12,دو رکعت نماز مشتمل بر آیه (و واعد ناموسی),1,83
168,12,اعمال روز اول آن,1,84
169,12,اعمال شب عرفه,1,85
170,12,اعمال روز عرفه,1,86
171,12,دعای امام حسین(ع) در روز عرفه,1,87
172,12,اعمال شب و روز عید قربان,1,88
173,12,اعمال شب و روز عید غدیر,1,89
174,12,نماز روز عید غدیر,1,90
175,12,صیغه عقد اخوت در روز غدیر,1,91
176,12,فضیلت و اعمال روز مباهله,1,92
177,12,اعمال روز آخر ذی الحجه,1,93
179,1,اعمال شب و روز اول ماه محرم,1,95
180,1,اعمال شب عاشورا و روز آن,1,96
181,1,بیان آنکه روز عاشورا روز شوم است,1,97
182,1,وجوه تبرک بنی‌امیه به روز عاشورا,1,98
183,1,در مجهول بودن دعایی که مشتمل است بر فضیلت روز عاشورا,1,99
184,1,اعمال آخر روز عاشورا,1,100
186,2,بیان نحوست ماه صفر و راه رفع آن,1,102
187,2,روز اربعین,1,103
188,2,روز بیست و هشتم صفر,1,104
190,3,شب و روز اول و روز هشتم و نهم,1,106
191,3,اعمال روز دوازدهم تا هفدهم,1,107
192,3,اعمال روز هفدهم روز مولود حضرت رسول,1,108
194,4,اعمال ماه ربیع الثانی وجمادی الاول,1,110
195,4,اعمال ماه جمادی الاخر و چهار رکعت نماز,1,111
196,4,روز سوم وفات حضرت فاطمه(ع) و اعمال آن,1,112
197,4,روز بیستم ولادت حضرت زهرا(ع) و اعمال آن,1,113
198,5,اعمال هر ماه نو و نماز اول آن ماه,1,114
200,5,اعمال عيد نوروز,1,116
201,5,اعمال ماههای رومی,1,117
202,5,آداب گرفتن آب نیسان وخواص آن,1,118
