ID,IMONTH_URDU_ID,NAME,CONTENT_TYPE,ORDER_BY
86,7,ماہ رجب کی فضیلت اور اعمال,1,2
87,7,ماہ رجب کے کے مشترکہ اعمال ,1,3
88,7,ادعیہ روزانہ ماہ رجب ,1,4
89,7,زیارت رجبیہ ,1,5
90,7,ادامہ اعمال مشترکہ ماہ رجب,1,6
91,7,لیلۃ الرغائب کے اعمال,1,7
92,7,رجب میں دن رات کے مخصوص اعمال ,1,8
93,7,اعمال روز اول ماہ رجب ,1,9
94,7,نماز سلمان,1,10
95,7,اعمال تیرہ رجب ,1,11
96,7,اعمال پندرہ رجب,1,12
97,7,اعمال ام داؤد,1,13
98,7,اعمال شب ٢٧ رجب,1,14
99,7,ابن بطوطہ کا سفرنامہ,1,15
100,7,۲۷ ویں رجب کے بقیہ اعمال ,1,16
101,7,اعما ل روز ٢٧ رجب ,1,17
103,8,ماہ شعبان کی فضیلت,1,19
104,8,ماہ شعبان کے مشترکہ اعمال ,1,20
105,8,ماہ شعبان میں روزانہ کی صلوات,1,21
106,8,مناجات شعبانیہ,1,22
107,8,ماہ شعبان کے مختصہ اعمال ,1,23
108,8,فضیلت روز اول شعبان ,1,24
109,8,تیسری شعبان کے اعمال,1,25
110,8,فضیلت و اعمال شب نیمہ شعبان ,1,26
111,8,نیمہ شعبان کا دن,1,27
112,8,ماہ شعبان کی آخری رات کی دعا,1,28
114,9,ماہ رمضان کی فضیلت میں رسول خدا (ص) کا خطبہ,1,30
116,9,اعمال شب و روز ماہ رمضان,1,32
117,9,دعائے حج,1,33
118,9,دعا ئے افتتاح,1,34
119,9,رمضان کی راتوں کے اعمال,1,35
120,9,رمضان میں ہزار رکعت نماز کا طریقہ کار,1,36
121,9,رمضان میں سحری کے اعمال,1,37
122,9,سحری کی معروف دعا,1,38
123,9,دعا ئے ابو حمزہ ثمالی,1,39
124,9,دعا سحر یا عُدَتِیْ ,1,40
125,9,دعا سحر یا مفزعی عند کربتی,1,41
126,9,سحر کی تسبیحات,1,42
127,9,اعمال روزانہ ماہ رمضان,1,43
128,9,روزانہ کی صلوات اور تسبیحات,1,44
130,9,اعمال شب اول ماہ رمضان,1,46
131,9,چاند دیکھنے کی دعا,1,47
132,9,شب اول کے بقیہ اعمال,1,48
133,9,اعمال روز اول ماہ رمضان ,1,49
134,9,اعمال شب ١٣ رمضان,1,50
135,9,اعمال شب ١٥ رمضان,1,51
136,9,فضیلت شب ١٧ رمضان ,1,52
137,9,اعمال مشترکہ شب ہای قدر,1,53
138,9,اعمال شب ۱۹ رمضان,1,54
139,9,اعمال شب ۲۱ رمضان,1,55
140,9,آخری دس راتوں کے اعمال,1,56
141,9,شب ۲۱ کے بقیہ اعمال,1,57
142,9,شب ۲۲ کی دعا,1,58
143,9,اعمال شب ۲۳ رمضان,1,59
144,9,شب ۲۳ کی دعا,1,60
145,9,شب ۲۴ کی دعا,1,61
146,9,شب ۲۵ کی دعا,1,62
147,9,شب ۲۶ کی دعا,1,63
148,9,شب ۲۷ کی دعا,1,64
149,9,شب ۲۸ کی دعا,1,65
150,9,شب ۲۹ کی دعا,1,66
151,9,رمضان کی آخری رات کے اعمال,1,67
152,9,رمضان کی٣٠ویں رات کے اعمال,1,68
153,9,رمضان کے ۳۰ویں روز کے اعمال,1,69
154,9,رمضان کی راتوں کی نمازیں,1,70
155,9,رمضان کے دنوں کی دعائیں,1,71
157,10,اعمال شب عید فطر ,1,73
158,10,شب عید فطر کی دعا اور نماز,1,74
159,10,اعمال روز عید فطر ,1,75
160,10,نماز کا طریقہ,1,76
162,11,اتوار کے دن کی نماز,1,78
163,11,شب نیمہ ذیقعدہ کی فضیلت,1,79
164,11,اعمال روز دحوالارض ,1,80
166,12,اعمال عشرہ اول ذی الحجہ ,1,82
167,12,عشرہ اول کی دو رکعت نماز ,1,83
168,12,اعمال روز اول ذی الحجہ,1,84
169,12,اعمال شب عرفہ(شب ٩ ذی الحجہ ),1,85
170,12,اعمال روز عرفہ(روز ٩ ذالحجہ ),1,86
171,12,دعائے عرفہ امام حسین ,1,87
172,12,اعمال شب وروز عید ضحی ,1,88
173,12,اعمال شب وروز عید غدیر ,1,89
174,12,اعمال روز عید غدیر ,1,90
175,12,روز عید غدیر میں عقد اخوت کا صیغہ,1,91
176,12,اعمال روز عید مباہلہ ,1,92
177,12,اعمال روز آخر ذی الحجہ ,1,93
179,1,اعمال شب و روز اول ماہ محرم ,1,95
180,1,اعمال شب و روز عاشورہ,1,96
181,1,روز عاشورہ کی نحوست,1,97
182,1,بنی امیہ کا روز عاشورہ کو بابرکت قرار دینا,1,98
183,1,روز عاشورہ کی فضیلت میں جھوٹی روایات,1,99
184,1,روز عاشورہ کے آخری وقت کے اعمال,1,100
186,2,ماہ صفر کی ںحوست اور اس کو ختم کرنے والی وجوہات کا بیان,1,102
187,2,روز اربعین,1,103
188,2,اٹھائیس صفر کا دن,1,104
190,3,اعمال شب و روز اول,1,106
191,3,بارہ سے سترہ تک کے اعمال,1,107
192,3,سترہ ربیع لاول کے اعمال,1,108
194,4,ربیع الثانی اور جمادی الاول کے اعمال ,1,110
195,4,جمادی الثانی کے اعمال اور چار رکعت نماز,1,111
196,4,تین جمادی الثانی کے اعمال,1,112
197,4,بیس جمادی الثانی کے اعمال,1,113
198,5,ہر نئے مہینے کے اعمال اور نماز,1,114
200,5,اعمال عید نوروز ,1,116
201,5,رومی مہینوں کے اعمال ,1,117
202,5,خواص آب نیساں,1,118
