ID,PLACE_ID,ARABIC,NAME
1,1,بِسْمِ اللَّهِ وَ بِاللَّهِ اللَّهُمَّ اجْعَلْهُ لِي نُوراً وَ طَهُوراً وَ حِرْزاً وَ أَمْناً مِنْ كُلِّ خَوْفٍ وَ شِفَاءً مِنْ كُلِّ دَاءٍ وَ سُقْمٍ اللَّهُمَّ طَهِّرْنِي وَ طَهِّرْ لِي قَلْبِي وَ اشْرَحْ لِي صَدْرِي وَ أَجْرِ عَلَى لِسَانِي مَحَبَّتَكَ وَ مِدْحَتَكَ وَ الثَّنَاءَ عَلَيْكَ فَإِنَّهُ لَا قُوَّةَ لِي إِلَّا بِكَ وَ قَدْ عَلِمْتُ أَنَّ قِوَامَ دِينِي التَّسْلِيمُ لِأَمْرِكَ وَ الِاتِّبَاعُ لِسُنَّةِ نَبِيِّكَ صَلَوَاتُكَ عَلَيْهِ وَ آلِه,غسل احرام
2,2,الْحَمْدُ لِلَّهِ الَّذِي رَزَقَنِي مَا أُوَارِي بِهِ عَوْرَتِي وَ أُؤَدِّي بِهِ فَرْضِي وَ أَعْبُدُ فِيهِ رَبِّي وَ أَنْتَهِي فِيهِ إِلَى مَا أَمَرَنِي الْحَمْدُ لِلَّهِ الَّذِي قَصَدْتُهُ فَبَلَّغَنِي وَ أَرَدْتُهُ فَأَعَانَنِي وَ قَبِلَنِي وَ لَمْ يَقْطَعْ بِي وَ وَجْهَهُ أَرَدْتُ فَسَلَّمَنِي فَهُوَ حِصْنِي وَ كَهْفِي وَ حِرْزِي وَ ظَهْرِي وَ مَلَاذِي وَ مَلْجَئِي وَ مَنْجَايَ وَ ذُخْرِي وَ عُدَّتِي فِي شِدَّتِي وَ رَخَائِي,جامه احرام
3,3,اللَّهُمَّ إِنِّي أَسْأَلُكَ أَنْ تَجْعَلَنِي مِمَّنِ اسْتَجَابَ لَكَ وَ آمَنَ بِوَعْدِكَ وَ اتَّبَعَ أَمْرَكَ فَإِنِّي عَبْدُكَ وَ فِي قَبْضَتِكَ لَا أُوقَى إِلَّا مَا وَقَيْتَ وَ لَا آخُذُ إِلَّا مَا أَعْطَيْتَ وَ قَدْ ذَكَرْتَ الْحَجَّ فَأَسْأَلُكَ أَنْ تَعْزِمَ لِي عَلَيْهِ عَلَى كِتَابِكَ وَ سُنَّةِ نَبِيِّكَ و تُقَوِّيَنِي عَلَى مَا ضَعُفْتُ عَنْهُ وَ تَسَلَّمَ مِنِّي مَنَاسِكِي فِي يُسْرٍ مِنْكَ وَ عَافِيَةٍ وَ اجْعَلْنِي مِنْ وَفْدِكَ الَّذِينَ رَضِيتَ وَ ارْتَضَيْتَ وَ سَمَّيْتَ وَ كَتَبْتَ اللَّهُمَّ فَتَمِّمْ لِي حَجِّي وَ عُمْرَتِي اللَّهُمَّ إِنِّي أُرِيدُ التمتّع بِالْعُمْرَةِ إِلَى الْحَجِّ عَلَى كِتَابِكَ وَ سُنَّةِ نَبِيِّكَ (صَلَّي‌الله‌عَلَيهِ‌وَ‌آلِه) فَإِنْ عَرَضَ لِي شَيْ‏ءٌ يَحْبِسُنِي فَحُلَّنِي حَيْثُ حَبَسْتَنِي لِقَدَرِكَ الَّذِي قَدَّرْتَ عَلَيَّ اللَّهُمَّ إِنْ لَمْ تَكُنْ حَجَّةً فَعُمْرَةً أَحْرَمَ لَكَ شَعْرِي وَ بَشَرِي وَ لَحْمِي وَ دَمِي وَ عِظَامِي وَ مُخِّي وَ عَصَبِي مِنَ النِّسَاءِ وَ الثِّيَابِ وَ الطِّيبِ أَبْتَغِي بِذَلِكَ وَجْهَكَ وَ الدَّارَ الْآخِرَةَ,بعد از نماز
4,4,لَبَّيْكَ اللَّهُمَّ لَبَّيْكَ، لَبَّيْكَ لاَ شَرِيكَ لَكَ لَبَّيْكَ، إِنَّ الْحَمْدَ والنِّعْمَةََ، لَكَ والمُلْكَ، لَا شَرِيكَ لَكَ لَبَّيْكَ,تلبیه‌
5,5,"لَبَّيْكَ ذَا الْمَعارِجِ لَبَّيْكَ، لَبَّيْكَ داعِياً الى دارِ السَّلامِ لَبَّيْكَ، لَبَّيْكَ غَفّارَ الذُّنُوبِ لَبَّيْكَ ، لَبَّيْكَ اَهْلَ التَّلْبِيَةِ لَبَّيْكَ، لَبَّيْكَ ذَا الْجَلالِ وَاْلاِكْرامِ لَبَّيْكَ ، لَبَّيْكَ تُبْدِئُ وَالْمَعادُ اِلَيْكَ لَبَّيْكَ ، لَبَّيْكَ تَسْتَغْني وَيُفْتَقَرُ اِلَيْكَ لَبَّيْكَ، لَبَّيْكَ مَرْهُوباً وَمَرْغُوباً اِلَيْكَ لَبَّيْكَ، لَبَّيْكَ اِلهَ الحَقِّ (اَلْخَلقِ) لَبَّيْكَ ، لَبَّيْكَ ذَا النَّعْماءِ وَالْفَضْلِ الْحَسَنِ الْجَمِيْلِ لَبَّيْكَ ، لَبَّيْكَ كَشّافَ الْكُرَبِ الْعِظامِ لَبَّيْكَ ، لَبَّيْكَ عَبْدُكَ وَابْنُ عَبْديكَ لَبَّيْكَ ، لَبَّيْكَ ياكَرِيْمُ لَبَّيْكَ
Then say:
لَبَّيْكَ اَتَقَرَّبُ اِلَيْكَ بِمُحَمَّد وَالِ مُحَمَّد لَبَّيْكَ، لَبَّيْكَ بِحَجَّة اَوْ عُمْرَة لَبَّيْكَ ، وَهذِهِ عُمْرَةُ مُتْعَة اِلى الْحَجِّ لَبَّيْكَ، لَبَّيْكَ اَهْلَ الْتَّلْبِيَةِ لَبَّيْكَ،لَبَّيْكَ تَلْبِيَةً تَمامُها وَبَلاغُها عَلَيْكَ",بعد التلبية 
6,6,اَللّهُمَّ اِنَّکَ قُلْتَ فی کِتابِکَ وَ قَوْلُکَ الْحَقُّ: (وَ اَذِّنْ فی النّاسِ بِالْحَجِّ یَأْتُوکَ رِجالاً وَ عَلى کُلِّ ضامِر یَأْتِینَ مِنْ کُلِّ فَجٍّ عَمِیق)اَللّهُمَّ اِنِّی اَرْجُوا اَنْ أکُونَ مِمَّنْ اَجابَ دَعْوَتَکَ، وَ قَدْ جِئْتُ مِنْ شُقَّة بَعِیدَة وَ فَجٍّ عَمِیق، سامِعاً لِنِدآئِکَ، وَ مُسْتَجِیباً لَکَ، مُطِیعاً لاَِمْرِکَ، وَ کُلُّ ذلِکَ بِفَضْلِکَ عَلَىَّ وَ اِحْسانِکَ اِلَىَّ، فَلَکَ الْحَمْدُ عَلَى ما وَفَّقْتَنی لَهُ، اَبْتَغی بِذلِکَ الزُّلْفَةَ عِنْدکَ، وَ الْقُرْبَةَ اِلَیْکَ، وَ الْمَنْزِلَةَ لَدَیْکَ، وَ الْمَغْفِرَةَ لِذُنُوبی، وَ التَّوْبَةَ عَلَىَّ مِنْها بِمَنِّکَ. اَللّهُمَّ صَلِّ عَلى مُحَمَّد وَ آلِ مُحَمَّد، وَ حَرِّمْ بَدَنی عَلَى النّارِ، وَ امِنِّی مِنْ عَذابِکَ وَ عِقابِکَ، بِرَحْمَتِکَ یا اَرْحَمَ الرّاحِمِینَ,دخول حرم
7,7,"اَلسَّلامُ عَلَیْکَ اَیُّهَا النَّبِىُّ وَ رَحْمَةُ اللّهِ وَ بَرَکاتُهُ، بِسْمِ اللّهِ وَ بِاللّهِ وَ ما شآءَ اللّهُ، اَلسَّلامُ عَلى اَنْبِیآءِ اللّهِ وَ رُسُلِهِ، اَلسَّلامُ عَلى رَسُولِ اللّهِ، صَلَّى اللّهُ عَلَیْهِ وَ آلِهِ، اَلسَّلامُ عَلى اِبْراهِیمَ خَلیلِ اللّهِ، وَ الْحَمْدُ لِلّهِ رَبِّ الْعالَمِینَ
Then say:
بِسْمِ اللّهِ وَ بِاللّهِ، وَ مِنَ اللّهِ وَ اِلَى اللّهِ وَ ما شآءَ اللّهُ، وَ عَلى مِلَّةِ رَسُولِ اللّهِ، صَلَّى اللّهُ عَلَیْهِ وَ آلِهِ، وَ خَیْرُ الاَْسْمآءِ لِلّهِ، وَ الْحَمْدُ لِلّهِ، وَ السَّلامُ عَلى رَسُولِ اللّهِ، اَلسَّلامُ عَلى مُحَمَّدِ بْنِ عَبْدِ اللّهِ، اَلسَّلامُ عَلَیْکَ اَیُّهَا النَّبِىُّ وَ رَحْمَةُ اللّهِ وَ بَرَکاتُهُ، اَلسَّلامُ عَلى اَنْبِیآءِ اللّهِ وَ رُسُلِهِ، اَلسَّلامُ عَلى خَلِیلِ الرَّحْمنِ، اَلسَّلامُ عَلَى الْمُرْسَلِینَ، وَ الْحَمْدُلِلّهِ رَبِّ الْعالَمِینَ، اَلسَّلامُ عَلَیْنا وَ عَلى عِبادِ اللّهِ الصّالِحینَ. اَللّهُمَّ صَلِّ عَلى مُحَمَّد وَ آلِ مُحَمَّد، وَ بارِکْ عَلى مُحمد و آلِ مُحمد، وَ ارْحَم مُحمداً و آلَ مُحَمَّد، کَما صَلَّیْتَ وَ بارَکْتَ وَ تَرَحَّمْتَ على إبْراهِیمَ وَ آلِ إبْراهِیمَ، إنَّکَ حَمیدٌ مَجِیدٌ. اَللّهُمَّ صَلِّ عَلى مُحَمَّد وَ آلِ مُحَمَّد، عَبْدِکَ وَ رَسُولِکَ، اَللّهُمَّ صَلِّ عَلى إبْراهِیمَ خَلِیلِکَ، وَ عَلى أَنْبِیآءِکَ وَ رُسُلِکَ، وَ سَلِّمْ عَلَیْهِمْ، وَ سَلامٌ عَلَى الْمُرْسَلِینَ، وَ الْحَمْدُلِلّهِ رَبِّ الْعالَمِینَ. اَللّهُمَّ افْتَحْ لِی أَبْوابَ رَحْمَتِکَ، وَ اسْتَعْمِلْنی فِی طاعَتِکَ وَ مَرْضاتِکَ، وَ احْفَظْنِی بِحِفْظِ الاِیمانِ اَبَداً ما اَبْقَیْتَنی، جَلَّ ثَناءُ وَجْهِکَ، اَلْحَمْدُلِلّهِ الَّذِی جَعَلَنی مِنْ وَفْدِهِ وَ زُوّارِهِ، وَ جَعَلَنی مِمَّنْ یَعْمُرُ مَساجِدَهُ، وَ جَعَلَنی مِمَّنْ یُناجیهِ. اَللّهُمَّ إِنی عَبْدُکَ، وَ زائِرُکَ فی بَیْتِکَ، وَ عَلى کُلِّ مَأْتِىٍّ حَقٌّ لِمَنْ أَتاهُ وَ زارَهُ، وَ أَنْتَ خَیْرُ مَأْتِىٍّ وَ أَکْرَمُ مَزُور، فَأَسْأَلُکَ یا اَللّهُ یا رَحْمنُ، بِأَنَّکَ أَنْتَ اللّهُ لا إِلهَ إِلاّ أَنْتَ، وَحْدَکَ لاشَریکَ لَکَ، بِأَنَّکَ واحِدٌ اَحَدٌ صَمَدٌ لَمْ تَلِدْوَ لَمْ تُولَدْ، وَ لَمْ یَکُنْ لَهُ کُفُواً اَحَدٌ، وَ أَنَّ مُحَمَّداً عَبْدُکَ وَ رَسُولُکَ، صَلَّى اللّهُ عَلَیْهِ وَ عَلى أَهْلِ بَیْتِهِ، یا جَوادُ یا کَریمُ، یا ماجِدُ یا جَبّارُ یا کَریمُ، أَسْأَلُکَ أَنْ تَجْعَلَ تُحْفَتَکَ إِیّایَ بِزیارَتی إِیّاکَ، أَوَّلَ شَىْء تُعْطِیَنی فَکاکَ رَقَبَتی مِنَ النّارِ
Say 3 times:
أَللّهُمَّ فُکَّ رَقَبتی مِنَ النّارِ
And then recite this:
وَ أَوْسِعْ عَلَىَّ مِنْ رِزْقِکَ الْحَلالِ الطَّیِّبِ، وَ ادْرَأْعَنّی شَرَّ شَیاطِیْنِ الْجِنِّ وَالإنْسِ،وَشَرَّ فَسَقَةِ الْعَرَبِ وَ الْعَجَمِ
Now enter the mosque and say as follows:
بِسْمِ اللّهِ وَ بِاللّهِ وَ عَلى مِلَّةِ رَسُولِ اللّهِ صَلَّى اللّهُ عَلَیْهِ وَ آلِهِ",در مسجد الحرام
8,8,اَللّهُمَّ إِنّی اَسْأَلُکَ فِی مَقامی هذا، وَ فی اَوَّلِ مَناسِکی اَنْ تَقْبَلَ تَوْبَتی، وَ اَنْ تَتَجاوَزَ عَنْ خَطِیئَتی، وَ اَنْ تَضَعَ عَنِّی وِزْرِی. اَلْحَمْدُ لِلّهِ الَّذِی بَلَّغَنِی بَیْتَهُ الْحَرامَ. اَللّهُمَّ إِنِّی اَشْهَدُ اَنَّ هذا بَیْتُکَ الْحَرامُ الَّذِی جَعَلْتَهُ مَثابَةً لِلنّاسِ، وَ اَمْناً مُبارَکاً، وَ هُدىً لِلْعالَمِینَ. اَللّهُمَّ إنّى عَبْدُکَ، وَ الْبَلَدَ بَلَدُکَ، وَ الْبَیْتَ بَیْتُکَ، جِئْتُ اَطْلُبُ رَحْمَتَکَ، وَ اَؤُمُّ طاعَتَکَ، مُطِیعاً لاَِمْرِکَ، راضِیاً بِقَدَرِکَ، اَسْأَلُکَ مَسْأَلَةَ الْفَقِیرِ اِلَیْکَ، الْخائِفِ لِعُقُوبَتِکَ. اَللّهُمَّ افْتَحْ لی اَبْوابَ رَحْمَتِکَ، وَ اسْتَعْمِلْنی بِطاعَتِکَ وَ مَرْضاتِکَ,رو به کعبه
9,9,أَشْهَدُ أَنْ لا إِلهَ إلاَّ اللّهُ وَحْدَهُ لا شَریکَ لَهُ، وَ أَنَّ مُحَمَّداً  عَبْدُهُ وَ رَسُولُهُ، آمَنْتُ بِاللّهِ، وَ کَفَرْتُ بِالْجِبْتِ وَ الطّاغُوتِ وَ اللاّتِ وَ الْعُزّى، وَ بِعِبادَةِ الشَّیْطانِ، وَ بِعِبادِةِ کُلِّ نِدٍّ یُدْعى مِنْ دُونِ اللّهِ, حجرالأسود
10,10,أَلْحَمْدُ لِلّهِ الَّذی هَدانا لِهذا، وَ ما کُنّا لِنَهْتَدِىَ لَوْ لا أَنْ هَدانَا اللّهُ. سُبْحانَ اللّهِ، وَ الْحَمْدُ لِلّهِ، وَ لا إِلهَ إِلاَّ اللّهُ، وَ اللّهُ أَکْبَرُ، اَللّهُ أَکْبَرُ مِنْ خَلْقِهِ، وَ اللّهُ أَکْبَرُ مِمّا أَخْشى وَ اَحْذَرُ. لا إِلهَ إلاَّ اللّهُ، وَحْدَهُ لا شَریکَ لَهُ، لَهُ الْمُلْکُ وَ لَهُ الْحَمْدُ، یُحْیی وَ یُمیتُ، وَ یُمیتُ وَ یُحْیی، وَ هُوَ حَىٌّ لا یَمُوتُ، بِیَدِهِ الْخَیْرُ، وَ هُوَ عَلى کُلِّ شَىْء قَدیرٌ,نزدیک حجرالأسود
11,11,أَللّهُمَّ أَمانَتی أَدَّیْتُها، وَ میثاقی تَعاهَدْتُهُ، لِتَشْهَدَ لی بِالْمُوفاةِ. أَللّهُمَّ تَصْدیقاً بِکِتابِکَ، وَ عَلى سُنَّةِ نَبِیِّکَ، صَلَواتُکَ عَلَیْهِ وَ آلِهِ، أَشْهَدُ أَنْ لا اِلهَ إِلاَّ اللّهُ، وَحْدَهُ لا شَریکَ لَهُ، وَ أَنَّ مُحَمَّداً عَبْدُهُ وَ رَسُولُهُ، آمَنْتُ بِاللّهِ، وَ کَفَرْتُ بِالْجِبْتِ وَ الطّاغُوتِ وَ الّلاتِ وَ الْعُزّى، وَ عِبادَةِ الشَّیْطانِ، وَ عِبادَةِ کُلِّ نِدٍّ یُدْعى مِنْ دُونِ اللّهِ,لمس حجرالأسود
12,12,اَللّهُمَّ اِنّى أَسْئَلُکَ بِاسْمِکَ الَّذی یُمْشى بِهِ عَلى ظَلَلِ الْمآءِ، کَما یُمْشى بِهِ عَلى جُدَدِ الأرْضِ، وَ اَسْئَلُکَ بِاسْمِکَ الَّذی یَهْتَزُّلَهُ عَرْشُکَ، وَ اَسْئَلُکَ بِاسْمِکَ الّذی تَهْتَزُّ لَهُ اَقْدامُ مَلائِکَتِکَ، وَ اَسْئَلُکَ بِاسمِکَ الَّذی دَعاکَ بِهِ مُوسى مِنْ جانِبِ الطُّورِ فَاسْتَجَبْتَ لَهُ، وَاَلْقَیْتَ عَلَیْهِ مَحَبَّةً مِنْکَ، وَ اَسْئَلُکَ بِاسْمِکَ الَّذی  غَفَرْتَ بِه لِمـُحَمَّد صَلَّى اللّهُ عَلَیْهِ وَ آلِهِ ما تَقَدَّمَ مِنْ ذَنْبِهِ وَ ما تَأَخَّرَ، وَ اَتْمَمْتَ عَلَیْهِ نِعْمَتَکَ، اَنْ تَفْعَلَ بى کَذا وَ کذا, در حال طواف
13,13,اَللّهُمَّ اِنّی اِلَیْکَ فَقْیرٌ، وَ اِنّی خآئِفٌ مُسْتَجیرٌ، فَلا تُغَیِّرْ جِسْمی، وَ لاتُبَدِّلْ اِسْمی,طواف
14,14,اَللّهُمَّ اَدْخِلْنِی الْجَنَّةَ، وَ اَجِرْنِی مِنَ النّارِ بِرَحْمَتِکَ، وَ عافِنی مِنَ السُّقْمِ، وَ اَوْسِعْ عَلَىَّ مِنَ الرِّزْقِ الْحَلالِ، وَ ادْرَأَ عَنّی شَرَّ فَسَقَةِ الْجِنِّ وَ الإنْسِ، وَ شَرَّ فَسَقَةِ الْعَرَبِ وَ الْعَجَمِ,به حجر اسماعیل
15,15,یا ذَا المَنِّ وَ الطَّوْلِ، یا ذَا الْجُودِ وَ الْکَرَمِ، اِنَّ عَمَلی ضَعیفٌ، فَضاعِفْهُ لی، وَ تَقَبَّلْهُ مِنّی، اِنَّکَ اَنْتَ السَّمیعُ الْعَلیمُ,عبور از حجر
16,16,یا اَللّهُ یا وَلِىَّ الْعافِیَةِ، وَ خالِقَ الْعافِیَةِ، وَ رازِقَ الْعافِیَةِ، وَ الْمُنْعِمَ بِالْعافِیَةِ، وَ الْمَنّانُ بِالْعافِیَةِ، وَ الْمُتَفَضِّلَ بِالْعافِیَةِ عَلَىَّ وَ عَلى جَمِیعِ خَلْقِکَ، یا رَحْمنَ الدُّنْیا وَ الآخِرَةِ وَ رَحِیمَهُما، صَلِّ عَلى مُحَمَّد وَ آلِ مُحَمَّد، وَ ارْزُقْنَا الْعافِیَةَ، وَ تَمامَ الْعافِیَةِ وَ شُکْرَ الْعافِیَةِ، فِی الدُّنْیا وَ الآخِرَةِ، یا اَرْحَمَ الرّاحِمِینَ,به رکن یمانى
17,17,اَلْحَمْدُلِلّهِ الَّذِی شَرَّفَکِ وَ عَظَّمَکِ، وَ الْحَمْدُلِلّهِ الَّذی بَعَثَ مُحَمَّداً نَبِیّاً وَ جَعَلَ عَلِیّاً اِماماً. اَللّهُمَّ اهْدِ لَهُ خِیارَ خَلْقِکَ، وَ جَنِّبْهُ شِرارَ خَلْقِکَ, به سمت کعبه
18,18,رَبَّنا آتِنا فِی الدُّنْیا حَسَنَةً، و فِی الآخِرَةِ حَسَنَةً، وَ قِنا عَذابَ النّار,بین رکن یمانى و حجرالأسود
19,19,"اَللّهُمَّ الْبَیْتُ بَیْتُکَ، وَالْعَبْدُ عَبْدُکَ، وَ هذا مَکانُ الْعائِذِ بِکَ مِنَ النّارِ
Here one must ask for personal hajaats confess ones sins, etc.
اَللّهُمَّ مِنْ قِبَلِکَ الرَّوْحُ وَ الْفَرَجُ وَ الْعافِیَةُ، اَللّهُمَّ اِنَّ عَمَلِی ضَعِیفٌ فَضاعِفْهُ لِی، وَ اغْفِرْ لِی مَااطَّلَعْتَ عَلَیْهِ مِنّی وَ خَفِىَ عَلى خَلْقِکَ، اَسْتَجِیرُ بِاللّهِ مِنَ النّار",به مستجار
20,20,اَللّهُمَّ قَنِّعْنی بِما رَزَقْتَنی، وَ بارِکْ لی فیما آتَیْتَنی,از حجرالاسود
21,21,أمانَتی أدَّیتُها، وَ میثاقی تَعاهَدْتُهُ، لِتَشْهَدَ لی بِالْـمُوافاةِ,حجرالاسود را استلام
22,22,اللهُمّ إنّي أسْأَلُكَ بِاسْمِكَ الّذِي يُمْشى‏ بِهِ عَلى‏ ‏‎'‎طُلَلِ الْماءِ كَما يُمْشى‏ بِهِ عَلى‏ جُدَدِ الأَرْضِ وَأسْأَلُكَ بِاسْمِكَ الّذِيْ يَهْتَزّ لَهُ عَرْشُكَ ‏وَأسْأَلُكَ بِاسْمِكَ الّذِي تَهْتَزّ لَهُ اَقْدامُ مَلائِكَتِكَ وَأسْأَلُكَ بِاسْمِكَ الّذِي دَعاكَ بِهِ مُوسى‏ مِنْ جانِبِ الطُورِ فاسْتَجَبْتَ لَهُ وَألْقَيْتَ عَلَيْهِ ‏مَحَبّةً مِنْكَ وَأسْأَلُكَ بِاسْمِكَ الّذي غَفَرْتَ بِهِ لِمُحَمّدٍ9 ما تَقَدّمَ مِنْ ذَنْبِهِ وَما تَأخّرَ وأتْمَمْتَ عَلَيْهِ نِعْمَتَكَ أنْ تَفْعَلَ بِي كَذا وَكَذا,شوط اوّل
23,23,"اللهُمّ إنّي إلَيْكَ فَقِيْرٌ وَإنّي خائِفٌ مُسْتَجِيْرٌ فَلا تُغَيّرْ جِسْمِي وَلا تُبَدّلْ إسْمِي
سائِلُكَ فَقِيْرُكَ مِسْكِيْنُكَ بِبابِكَ، فَتَصَدّقْ عَلَيْهِ بِالْجَنّةِ، اللهُمّ الْبَيْتُ بَيْتُكَ وَالْحَرَمُ حَرَمُكَ وَالْعَبْدُ عَبْدُكَ وَهذا مَقامُ الْعائِذِ بِكَ ‏الْمُسْتَجِيرِ بِكَ مِنَ النّارِ فَأعْتِقْنِي وَوَالِدَيّ وَأهْلِي وَوُلْدِي وَإخْوانِيَ الْمُؤْمِنِينَ مِنَ النّارِ يا جَوادُ يا كَريمُ",شوط دوّم
24,24,"اللهُمّ أدْخِلْنِي الْجَنّةَ وَأجِرْنِي مِنَ النّارِ بِرَحْمَتِكَ وَعافِنِي مِنَ السّقْمِ وَأوْسِعْ عَلَيّ مِنَ الرّزْقِ الْحَلالِ وَادْرَأْ عَنّي شَرّ فَسَقَةِ الجِنّ ‏وَالْإنْسِ وَشَرّ فَسَقَةِ الْعَرَبِ وَالْعَجَمِ
يا ذَا الْمَنّ وَالطّوْلِ ياذَا الْجُودِ وَالْكَرَمِ إنّ عَمَلِي ضَعِيفٌ فَضاعِفْهُ لِي وَتَقَبّلْهُ مِنّي إنّكَ أنْتَ السّمِيْعُ الْعَلِيْمُ",شوط سوّم
25,25,يا أللّهُ يا وَلِيّ الْعافِيَةِ وَخَالِقَ الْعافِيَةِ وَرَازِقَ الْعافِيَةِ وَالْمُنْعِمُ بِالْعافِيَةِ وَالْمَنّانُ بِالعافِيَةِ والمُتَفَضّلُ بِالْعافِيَةِ عَلَيّ وَعَلى‏ جَمِيعِ خَلْقِكَ ‏يا رَحْمنَ الدّنْيا وَالآخِرَةِ وَرَحيْمَهُما صَلّ عَلى‏ مُحَمّدٍ وَآلِ مُحَمّدٍ وَارْزُقْنَا الْعافِيَةَ وَتَمامَ الْعافِيَةِ وَشُكْرَ الْعافِيَةِ في الدّنْيا وَالآخِرَةِ ‏ياأرْحَمَ الرّاحِمِيْنَ,شوط چهارم
26,26,"اَلْحَمْدُ للّهِ الّذي شَرّفَكِ وَعَظّمَكِ وَالْحَمْدُ للّهِ الّذي بَعثَ مُحَمّداً نَبِيّاً وَجَعَلَ عَليّاً اِماماً اللهُمّ اهْدِ لَهُ خِيارَ خَلْقِكَ وَجَنّبْهُ شِرارَ ‏خَلْقِكَ
رَبّنا آتِنا في الدّنيا حَسَنَةً وَفِي الْآخِرَةِ حَسَنَةً وَقِنا عَذابَ النّارِ",شوط پنجم
27,27,اللّهمّ البَيْتُ بَيتُكَ، والعَبْدُ عَبْدُكَ، وهذا مَقامُ العائذِ بِكَ مِنَ النارِ، اللّهمَّ مِنْ قِبَلِكَ الرّوحُ والفَرَجُ والعافيةُ، اللّهمَّ إنَّ عَمَلي ضَعيفٌ فضاعِفه لي، وَاغفرْ لي مَا اطَّلَعْتَ عَلَيهِ مِنّي وَخَفيَ عَلي خَلْقكَ، استَجيرُ باللّه مِنَ النارِ,شوط ششم
28,28," اللّهمَّ إنَّ عِنْــدي أفـــواجاً مِن ذُنُــوب، وأفواجاً مِن خَطايا، وَعِنْـدَكَ أفْواجٌ مِن رحمة، وأفواجٌ مِن مَغْفِرَة، يا مَن استجابَ لأبغَضِ خَلْقِهِ إذْ قالَ أنْظرُني إلى يَوْمِ يُبْعَثُونَ، إسْتَجِب لي
اللّهمَّ قَنِّعْني بِما رَزَقْتني، وباركْ لي فيما آتيتني",شوط هفتم
29,29,لا إِلهَ إِلاَّ اللّهُ إِلهاً واحِداً وَ نَحْنُ لَهُ مُسْلِموُنَ، لا إِلهَ إِلاَّ اللّهُ وَ لا نَعْبُدُ إِلاّ إِیّاهُ، مُخْلِصینَ لَهُ الدّینَ، وَ لَوْ کَرِهَ الْمُشْرِکوُنَ، لا إِلهَ إِلاَّ اللّهُ رَبُّنا وَ رَبُّ آبائِنَا االأَوَّلینَ، لا إِلهَ إِلاَّ اللّهُ وَحْدَهُ وَحْدَهُ وَحْدَهُ، أَنْجَزَ وَعْدَهُ، وَ نَصَرَ عَبْدَهُ، وَ أَعَزَّجُنْدَهُ، و َ هَزَمَ الأَحْزابَ وَحْدَهُ، فَلَهْ الْمُلْکُ وَ لَهُ الْحَمْدُ، یُحْیى وَ یُمییتُ وَ یُمییتُ وَ یُحْیى وَ هُوَ حَىٌّ لا یَموُتُ، بِیَدِهِ الْخَیْرُ، وَ هُوَ عَلى کُلِّ شَىْء قَدیرٌ، أَللّهُمَّ صَلِّ عَلى مُحَمَّد وَ آلِ مُحَمَّد، رَبَّنا آتِنا فِى الدُّنْیا حَسَنَةً، وَ فِى الآخِرَةِ حَسَنَةً، وَقِنَا عَذابَ النّارِ، وَ صَلَّى اللّهُ عَلى سَیِّدِنا مُحَمَّد وَآلِهِ الأَطْهارِ,شوط اوّل
30,30,أَللّهُمَّ صَلِّ عَلى مُحَمَّد وَ آلِ مُحَمَّد، أَللّهُمَّ اهْدِنى مِنْ عِنْدِکَ، وَ أَفِضْ عَلَىَّ مِن ْ فَضْلِکَ، وَ انْشُرْ عَلَىَّ مِنْ رَحْمَتِکَ، وَ أَنْزِلْ عَلَىَّ مِنْ بَرَکاتِکَ، سُبْحانَکَ لا إِلهَ إِلاّ أَنْتَ، إِغْفِرْ لى ذُنُوبى کُلَّها جَمیعاً، فَاِنَّهُ لا یَغْفِرُ الذُّنُوبَ إِلاّ أَنْتَ، أَللّهُمَّ إِنّى أَسْئَلُکَ مِنْ کُلّ ِ خَیْر أَحاطَ بِهِ عِلْمُکَ، وَ أَعوُذُ بِکَ مِنْ کُلِّ شَرّ أَحاطَ بِهِ عِلْمُکَ، أَللّهُمَّ إِنّى أَسْئَلُکَ عافِیَتَکَ فى أُموُرى کُلِّها، وَ أَعوُذُ بِکَ مِنْ خِزْىِ الدُّنْیا وَ عَذابِ االاْخِرَةِ، وَ أَعوُذُ بِوَجْهِکَ الْکَریمِ، وَ عِزَّتِکَ الَّتى لا تُرامُ، وَ قُدْرَتِکَ الَّتى لا یَمْتَنِعُ مِنْها شَىْءٌ، مِنْ شَرِّ الدُّنْیا وَ الاْخِرَةِ، وَ لا حَوْلَ وَ لا قُوَّةَ إِلاّ بِاللّهِ الْعَلىِّ الْعَظیمِ,شوط دوّم
31,31,أَللّهُمَّ إِنّى أَسْئَلُکَ بِاسْمِکَ الْمَکْنُونِ الَْمحْزوُنِ الطّاهِرِ الطُّهْرِ الْمُبارَکِ، وَ أَسْئَلُکَ بِاسْمِکَ الْعَظیمِ، وَ سُلْطانِکَ الْقَدیمِ، یا واهِبَ الْعَطایا، وَ یا مُطْلِقَ الأُسارى، وَ یا فَکّاکَ الرِّقابِ مِنَ النّارِ، أَسْئَلُکَ أَنْ تُصَلِّىَ عَلى مُحَمَّد وَ آلِ مُحَمَّد، وَ أَنْ تُعْتِقَ رَقَبَتى مِنَ النّارِ، وَ أَنْ تُخْرِجَنى مِنَ الدُّنْیا سالِماً، وَ تُدْخِلَنى الْجَنَّةَ آمِناً، وَ أَنْ تَجْعَلَ دُعائى أَوَّلَهُ فَلاحاً، وَ أَوْسَطَهُ نَجاحاً، وَ آخِرَهُ صَلاحاً، إِنَّکَ أَنْتَ عَلاّمُ الْغُیوْبِ,شوط سوّم
32,32,أَللّهُمَّ إِنَّ مَغْفِرَتَکَ أَرْجى مِنْ عَمَلى، وَ إِنَّ رَحْمَتَکَ أَوْسَعُ  مِنْ ذَنْبى، أَللّهُمَّ إِنْ کانَ ذَنْبى عِنْدَکَ عَظیماً فَعَفْوُکَ أَعْظَمُ مِنْ ذَنْبى، أَللّهُمَّ إِنْ لَمْ أَکُنْ أَهْلا أَنْ أَبْلُغَ رَحْمَتَکَ، فَرَحْمَتُکَ أهْلٌ أَنْ تَبْلُغَنى وَ تَسَعَنى، لاَِنَّها وَسِعَتْ کُلَّ شَىْء، بِرَحْمَتِکَ یا أَرْحَمَ الرّاحِمینَ. سُبْحانَ مَنْ لا یَعْتَدى عَلى أَهْلِ مَمْلِکَتِهِ، سُبْحانَ مَنْ لا یَأْخُذُ أَهْلَ الأَرْضِ بِأَلْوانِ الْعَذابِ، سُبْحانَ الرَّؤُوفِ الرَّحیمِ. أَللّهُمَّ اجْعَلْ لى فى قَلْبى نوُراً وَ بَصَراً وَ فَهْماً وَ عِلْماً، إِنَّکَ عَلى کُلِّ شَىْء قَدیر,شوط چهارم
33,33,لا إِلهَ إِلاَّ اللّهُ الْعَظیمُ الْحَلیمُ، لا إِلهَ إِلاَّ اللّهُ رَبُّ الْعَرْشِ الْکَریمِ، أَلْحَمْدُ لِلّهِ رَبِّ الْعالَمینَ. أَللّهُمَّ إِنّى أَسْئَلُکَ موُجِباتِ رَحْمَتِکَ، وَ عَزائِمَ مَغْفِرَتِکَ، وَ الْغَنیمَةَ مِنْ کُلِّ بِرّ، وَ السَّلامَةَ مِنْ کُلِّ إِثْم. أَللّهُمَّ لاتَدَعْ لى ذَنْباً إِلاّ غَفَرْتَهُ، وَ لا هَمّاً إِلاّ فَرَّجْتَهُ، وَ لا سُقْماً إِلاّ شَفَیْتَهُ، وَ لا عَیْباً إِلاّ سَتَرْتَهُ، وِ لا رِزْقاً إِلاّ بَسَطْتَهُ، وَ لا خَوْفاً إِلاّ آمَنْتَهُ، وَ لا سُوءً إِلاّ صَرَفْتَهُ، وَ لا حاجَةً هِىَ لَکَ رِضاً، وَلِىَ فیها صَلاحٌ إِلاّ قَضَیْتَها، یا أَرْحَمَ الرّاحِمینَ، آمینَ رَبَّ الْعالَمینَ,شوط پنجم
34,34,أَسْتَغْفِرُ اللّهَ الَّذى لا إِلهَ إِلاّ هُوَ الْحَىُّ الْقَیّوُمُ، الرَّحْمنُ الرَّحیمِ، ذُو الْجَلالِ وَ الإِکْرمِ، وَ أَسْألُهُ أَنْ یَتوُبَ عَلَىَّ تَوْبَةَ عَبْد ذَلیل خاضِع فَقیر بائِس مِسْکین مُسْتَکین مُسْتَجیر، لا یَمْلِکُ لِنَفْسِهِ نَفْعاً وَ لا ضَرّاً وَ لا مَوْتاً وَ لا حَیوةً وَ لا نُشوراً، أَللّهُمَّ إِنّى أَعوُذُ بِکَ مِنْ نَفْس لا تَشْبَعُ، وَ مِنْ قَلْب لا یَخْشَعُ، وَ مِنْ عِلْم لا یَنْفَعُ، وَ مِنْ صَلوة لا تُرْفَعُ، وَ مِنْ دُعاء لا یُسْمَعُ، أَللَّهُمَّ إِنّى أَسْئَلُکَ الْیُسْرَ بَعْدَ الْعُسْرِ، وَ الْفَرَجَ بَعْدَ الْکَرْبِ، وَ الرَّخاءَ بَعْدَ الشِّدَّةِ، أَللّهُمَّ ما بِنا مِنْ نِعْمَة فَمِنْکَ، لا إِلهَ إِلاّ أَنْتَ، أَسْتَغْفِرُکَ وَ أَتوُبُ إِلَیْکَ,شوط ششم
35,35,أَللّهُمَّ إِنّى أَسْئَلُکَ بِوَجْهِکَ الْکَریمِ، وَ اسْمِکَ الْعَظیمِ، وَ مُلْکِکَ الْقَدیمِ، أَنْ تُصَلِّىَ عَلى مُحَمَّد وَ آلِهِ، وَ أَنْ تَغْفِرَلى ذَنْبِىَ الْعَظیمِ، إِنَّهُ لا یَغْفِرُ الْعَظیمَ إِلاَّ الْعَظیمُ، أَللّهُمَّ إِنّى أَسْئَلُکَ موُجِباتِ رَحْمَتِکَ، وَ عَزائِمَ مَغْفِرَتِکَ، وَ النَّجاةَ مِنَ النّارِ وَ مِنْ کُلِّ، بَلِیَّة، وَ الْفَوْزَ بِالْجَنَّةِ، وَ الرِّضْوانِ فى دارِ السَّلامِ، وَ جِوارِ نَبِیِّکَ مُحَمَّد عَلَیْهِ وَ آلِهِ السَّلامُ، أَللّهُمَّ ما بِنا مِنْ نِعْمَة فَمِنْکَ، لا إِلهَ إِلاّ أَنْتَ، أَسْتَغْفِرُکَ وَ أَتوُبُ إِلَیْکَ. أَللّهُمَّ إِنّى أَسْألُکَ  بِحَقِّ مُحَمَّد وَ آلِ مُحَمَّد عَلَیْکَ، صَلِّ عَلى مُحَمَّد وَ آلِ مُحَمَّد، وَ اجْعَلِ النّوُرَ فى بَصَرى، وَ الْبَصیرَةَ فى دینى، وَ الْیَقینَ فى قَلْبى، وَ الإِخْلاصَ فى عَمَلى، وَالسَّلامَةَ فى نَفْسى، وَ السَّعَةَ فى رِزْقى، وَالشُّکْرَ لَکَ أَبَداً ما أَبْقَیْتَنى،بِرَحْمَتِکَ یا أَرْحَمَ الرّاحِمینَ,شوط هفتم
36,36,اللهُمّ تَقَبّلْ مِنّي وَلا تَجْعَلْهُ آخِرُ الْعَهْدِ مِنّي. ألْحَمْدُ للّهِ بِمَحامِدِهِ كُلّها عَلى‏ نَعْمائِهِ كُلّها حَتى‏ يَنْتَهِي الْحَمْدُ إلى‏ ما يُحِبّ وَيَرْضى‏، ‏اللهُمّ صَلّ عَلى‏ مُحَمّدٍ وَآلِ مُحَمّدٍ وَتَقَبّلْ مِنّي وَطَهّرْ قَلْبِي وَزَكّ عَمَلي,نماز طواف
37,37,سَجَدَ لَکَ وَجْهِی تَعَبُّداً وَرِقّاً، لااِلهَ اِلاّ اَنْتَ حَقّاً حَقّاً، الاَْوَّلُ قَبْلَ کُلِّ شَىْء، وَ الاْخِرُ بَعْدَ کُلِّ شَىْء، وَ ها اَنَا ذابَیْنَ یَدَیکَ ناصِیَتِی بِیَدِکَ، فَاغْفِرْلِی، اِنَّهُ لایَغْفِرُ الذَّنْبَ الْعَظِیمَ غَیْرُکَ، فَاغْفِرْلِی، فَإنِّی مُقِرٌّ بِذُنُوبِی عَلى نَفْسِی، وَ لایَدْفَعُ الذَّنْبَ الْعَظِیمَ غَیْرُکَ,سجده
38,38,اللَّهُمَّ اجْعَلْهُ عِلْماً نَافِعاً،وَ رِزقاً واسِعاً،وَشِفاءً مِنْ کُلِّ داء وَ سُقْم,نزد زمزم
39,40,"اَللّهُ اَکْبَرُ کَبِیراً، وَ الْحَمْدُ لِلّهِ کَثِیراً، وَ سُبْحانَ اللّهِ الْعَظِیمِ وَ بِحَمْدِهِ الْکَرِیمِ بُکْرَةً وَ أَصِیلا، وَ مِنَ اللَّیْلِ فَاسْجُدْ لَهُ وَسَبِّحْهُ لَیْلا طَوِیلا، لا اِلهَ اِلاَّ اللّهُ وَحْدَهُ، اَنْجَزَ وَعْدَهُ، وَ نَصَرَ عَبْدَهُ، وَ هَزَمَ الاَْحْزابَ وَحْدَهُ، لا شَىءَ قَبْلَهُ وَ لا بَعْدَهُ، یُحْیِی وَ یُمِیتُ، وَ هُوَ حَىٌّ لا یَمُوتُ وَ لا یَفُوتُ أَبَداً، بِیَدِهِ الْخَیْرُ وَ اَلَیْهِ الْمَصِیرُ، وَ هُوَ عَلى کُلِّ شَىْء قَدِیرٌ. رَبِّ اغْفِرْ وَ ارْحَمْ، وَ اعْفُ وَ تَکَرَّمْ، وَ تَجاوَزْ عَمّا تَعْلَمْ، اِنَّکَ تَعْلَمُ ما لا نَعْلَمُ، اِنَّکَ اَنْتَ اللّهُ الاَْعَزُّ الاَْکْرَمُ، رَبِّ نَجِّنا مِنَ النّارِ سالِمِینَ غانِمِینَ، فَرِحِینَ مُسْتَبْشِرِینَ، مَعَ عِبادِکَ الصّالِحِینَ، مَعَ الَّذِینَ اَنْعَمَ اللّهُ عَلَیْهِمْ مِنَ النَّبِیِّینَ وَ الصِّدِّیقِینَ، وَ الشُّهَداءِ وَ الصّالِحِینَ، وَ حَسُنَ اُولئِکَ رَفِیقاً، ذلِکَ الْفَضْلُ مِنَ اللّهِ، وَ کَفى باللّهِ عَلِیماً، لا اِلهَ اِلاّ اللّهُ، حَقّاً حَقّاً، لا اِلهَ اِلاَّ اللّهُ، وَ لا نَعْبُدُ اِلاّ اِیّاهُ، مُخْلِصِینَ لَهُ الدِّینُ، وَ لَوْ کَرِهَ الْکافِرُونَ.
اِنَّ الصَّفا وَ الْمَرْوَةَ مِنْ شَعائِرِ اللّهِ فَمَنْ حَجَّ الْبَیْتَ اَوِ اعْتَمَرَ فَلا جُناحَ عَلَیْهِ اَنْ یَطَّوَفَ بِهِما، وَ مَنْ تَطَوَّعَ خَیْراً فَاِنَّ اللّهَ شاکِرٌ عَلِیمٌ.",دور اوّل
40,41,اَللّهُ اَکْبَرُ اَللّهُ اَکْبَرُ، اَللّهُ اَکْبَرُ وَ لِلّهِ الْحَمْدُ، لا اِله اِلاَّ اللّهُ الْوحِدُ الاَْحَدُ، الْفَرْدُ الصَّمَدُ، الَّذِی لَمْ یَتَّخِذْ صاحِبَةً وَ لا وَلَداً، وَ لَمْ یَکُنْ لَهُ شَرِیکٌ فِی الْمُلْکِ، وَ لَمْ یَکُنْ لَهُ وَلِىٌّ مِنَ الذُّلِّ، وَ  کَبِّرْهُ تَکْبِیراً. اَللّهُمَّ اِنَّکَ قُلْتَ فِی کِتابِکَ الْمُنْزَلِ: «اُدْعُونِی اَسْتَجِبْ لَکُمْ»، دَعَوْناکَ رَبَّنا فَاغْفِرْ لَنا کَما اَمَرْتَنا، اِنَّکَ لا تُخْلِفُ الْمِیعادَ، رَبَّنا اِنَّنا سَمِعنا مُنادِیاً یُنادِى لِلاِْیمانِ اَنْ آمِنُوا بِرَبِّکُمْ فَآمَنّا، رَبَّنا فَاغْفِرْ لَنا ذُنُوبَنا وَ کَفِّرْ عَنّا سَیِّئاتِنا وَ تَوَفَّنا مَعَ الاَْبْرارِ، رَبَّنا وَ آتِنا ما وَعَدْتَنا عَلى رُسُلِکَ وَ لا تُحْزِنا یَوْمَ الْقِیامَةِ اِنَّکَ لا تُخْلِفُ الْمِیعادَ، رَبَّنا عَلَیْکَ تَوَکَّلْنا وَ اِلَیْکَ اَنَبْنا وَ اِلَیْکَ الْمَصِیرُ، رَبَّنَا اغْفِرْ لَنا وَ لاِِخْوانِنَا الَّذِینَ سَبَقُونا بالاِْیمانِ، وَ لا تَجْعَلْ فِى قُلُوبِنا غِلا لِلَّذِینَ آمَنُوا، رَبَّنا اِنَّکَ رَؤُفٌ رَحِیمٌ، رَبِّ اغْفِرْ وَارْحَمْ، وَاعْفُ وَ تَکَرَّمْ، وَ تَجاوَزْ عَمّا تَعْلَمُ، اِنَّکَ تَعْلَمُ ما لا نَعْلَمُ، اِنَّکَ اَنْتَ اللّهُ الاَْعَزُّ الاَکْرَمُ. اِنَّ الصَّفا وَ الْمَرْوَةَ مِنْ شَعائِرِ اللّهِ فَمَنْ حَجَّ الْبَیْتَ، اَوِ اعْتَمَرَ فَلا جُناحَ عَلَیْهِ اَنْ یَطَّوَفَ بِهِما، وَ مَنْ تَطَوَّعَ خَیْراً فَاِنَّ اللّهَ شاکِرٌ عَلِیمٌ.,دور دوّم
41,42,اَللّهُ اَکْبَرُ اَللّهُ اَکْبَرُ، اَللّهُ اَکْبَرُ وَ لِلّهِ الْحَمْدُ، رَبَّنا اَتْمِمْ لَنا نُورَنا وَ اغْفِرْ لَنا، اِنَّکَ عَلى کُلِّ شَىْء قَدِیرٌ. اَللّهُمَّ اِنِّی اَسْئَلُکَ الْخَیْرَ کُلَّهُ، عاجِلَهُ وَ آجِلَهُ، وَ اَسْتَغْفِرُکَ لِذَنْبِی، وَ اَسْئَلُکَ رَحْمَتَکَ یا  اَرْحَمَ الرّاحِمِینَ. رَبِّ اغْفِرْ وَ ارْحَمْ، وَ اعْفُ وَ تَکَرَّمْ، وَ تَجاوَزْ عَمّا تَعْلَمُ، اِنّکَ تَعْلَمُ ما لا نَعْلَمُ، اِنَّکَ اَنْتَ اللّهُ الاَْعَزُّ الاَْکْرَمُ، رَبِّ زِدْنِی عِلْماً، وَ لا تُزِغْ قَلْبِی بَعْدَ اِذْ هَدَیْتَنِی، وَهَبْ لِی مِنْ لَدُنْکَ رَحْمَةً، اِنَّکَ اَنْتَ الْوَهّابُ. اَللّهُمَّ عافِنِى فِی سَمْعِی وَ بَصَرِی، لا اِلهَ اِلاّ اَنْتَ، سُبْحانَکَ اِنِّی کُنْتُ مِنَ الظّالِمِینَ. اَللّهُمَّ اِنِّی اَعُوذُ بِکَ مِنَ الْکُفْرِ وَ الْفَقْرِ، اَللّهُمَّ اِنِّی اَعُوذُ بِرِضاکَ مِنْ سَخَطِکَ، وَ بِمُعافاتِکَ مِنْ عُقُوبَتِکَ، وَ اَعُوذُ بِکَ مِنْکَ لا اُحْصِی ثَناءً عَلَیْکَ، اَنْتَ کَما اَثْنَیْتَ عَلى نَفْسِکَ، فَلَکَ الْحَمْدُ حَتّى تَرْضى. اِنَّ الصَّفا وَ الْمَرْوَةَ مِنْ شَعائِرِ اللّهِ فَمَنْ حَجَّ الْبَیْتَ اَوِ اعْتَمَرَ فَلا جُناحَ عَلَیْهِ اَنْ یَطَّوَفَ بِهِما، وَ مَنْ تَطَّوَعَ خَیْراً فَاِنَّ اللّهَ شاکِرٌ عَلِیمٌ,دور سوّم
42,43,"اَللّهُ اَکْبَرُ اَللّهُ اَکْبَرُ، اَللّهُ اَکْبَرُ وَ لِلّهِ الْحَمْدُ، اَللّهُمَّ اِنِّی اَسْئَلُکَ مِنْ خَیْرِ ما تَعْلَمُ، وَ اَعُوذُ بِکَ مِنْ شَرِّ ما تَعْلَمُ، وَ اَسْتَغْفِرُکَ مِنْ کُلِّ ما تَعْلَمُ، وَ اَعُوذُ بِکَ مِنْ شَرِّ ما تَعْلَمُ، وَ اَسْتَغْفِرُکَ مِنْ کُلِّ ما تَعْلَمُ، اِنَّکَ اَنْتَ عَلاّمُ الْغُیُوبِ، لا اِلهَ اِلاَّ اللّهُ الْمَلِکُ الْحَقُّ  الْمُبِینُ، مُحَمَّدٌ رَسُولُ اللّهِ الصِّادِقُ الْوَعْدِ الاَْمِینُ. اَللّهُمَّ اِنِّی اَسْئَلُکَ کَما هَدَیْتَنِی لِلاِْسْلام اَنْ لا تُنْزِعَهُ مِنِّی، حَتّى تَتَوَفّانِی عَلَیْهِ وَ اَنَا مُسْلِمٌ. اَلّلهُمَّ اجْعَلْ فِی قَلْبِی نُوراً، وَ فِی سَمْعِی نُوراً، وَ فِی بَصَرِی نُوراً. اَللّهُمَّ رَبِّ اشْرَحْ لِی صَدْرِی، وَ یَسِّرْلِی اَمْرِی، وَ اَعُوذُ بِکَ مِنْ شَرِّ وَساوِسِ الصَّدْرِ، وَ شَتاتِ الاَْمْرِ، وَ فِتْنَةِ الْقَبْرِ. اللّهُمَّ اِنِّی اَعُوذُ بِکَ مِنْ شَرِّ ما یَلِجُ فِی اللَّیْلِ، وَ مِنْ شَرِّ ما یَلِجُ فِی النَّهارِ، وَ مِنْ شَرِّ ما تَهَبُ بِهِ الرِّیاحُ، یا اَرْحَمَ الرّحِمِینَ. سُبْحانَکَ ما عَبَدْناکَ حَقَّ عِبادَتِکَ یا اللّهُ، سُبْحانَکَ ما ذَکَرْناکَ حَقَّ ذِکْرِکَ یا اللّهُ، رَبِّ اغْفِرْ وَ ارْحَمْ، وَ اعْفُ وَ تَکَرَّمْ، وَ تَجاوَزْ عَمّا تَعْلَمُ، اِنَّکَ تَعْلَمُ ما لا نَعْلَمُ، اِنَّکَ اَنْتَ اللّهُ الاَْعَزُّ الاَْکْرَمُ.
اِنَّ الصَّفا وَ الْمَرْوَةَ مِنْ شَعائِرِ اللّهِ فَمَنْ حَجَّ الْبَیْتَ اَوِ اعْتَمَرَ فَلا جُناحَ عَلَیْهِ اَنْ یَطَّوَفَ بِهِما، وَ مَنْ تَطَوَّعَ خَیْراً فَاِنَّ اللّهَ شاکِرٌ عَلِیمٌ",دور چهارم
43,44,"اَللّهُ اَکْبَرُ اَللّهُ اَکْبَرُ، اَللّهُ اَکْبَرُ وَ لِلّهِ الْحَمْدُ، سُبْحانَکَ ما  شَکَرْنکَ حَقَّ شُکْرِکَ یا اللّهُ، سُبْحانَکَ ما اَعْلى شَأْنَکَ یا اللّهُ، اَللّهُمَّ حَبِّبْ اِلیْنَا الاْیمانَ، وَزَیِّنْهُ فِی قُلُوبِنا، وَ کَرِّهْ اِلَیْنَا الْکُفْرَ وَ الْفُسُوقَ وَ الْعِصْیانَ، وَ اجْعَلْنا مِنَ الرّشِدِینَ. رَبِّ اغْفِرْ وَ ارْحَمْ، وَ اعْفُ وَ تَکَرَّمْ، وَ تَجاوَزْ عَمّا تَعْلَمُ، اِنَّکَ تَعْلَمُ ما لا نَعْلَمُ، اِنَّکَ اَنْتَ اللّهُ الاَْعَزُّ الاَْکْرَمُ. اَللّهُمَّ قِنِی عَذابَکَ یَوْمَ تَبْعَثُ عِبادَکَ، اَللّهُمَّ اهْدِنِی بِالهُدى، وَ نَقِّنِی بِالتَّقْوى، وَ اغْفِرْ لِی فِی الاْخِرَةِ وَ الاُْولى، اَللّهُمَّ اَبْسِطْ عَلَیْنا مِنْ بَرَکاتِکَ وَ رَحْمَتِکَ وَ فضْلِکَ وَ رِزْقِکَ، اَللّهُمْ اِنِّی اِسْئَلُکَ النَّعِیمَ الْمُقِیمَ، الَّذِی یَحُولُ وَ لا یَزُولُ اَبَداً، اَللّهُمَّ اجْعَلْ فِی قَلْبِی نُوراً، وَ فِی سَمْعِی نُوراً، وَ فِى بَصَرى نُوراً، وَ فى لِسانى نوراً، وَ عَنْ یَمِیِنی نُوراً، وَ مِنْ فَوْقِی نُوراً، وَاجْعَلْ فِی نَفسِی نُوراً، وَ عَظِّمْ لِی نُوراً. رَبِّ اشْرَحْ لِی صَدْرِی وَ یَسِّرْلِی اَمْرِی.
اِنَّ الصَّفا وَ الْمَرْوَةَ مِنْ شَعائِرِ اللّهَ فَمَنْ حَجَّ الْبَیْتَ اَوِ اعْتَمَرَ فَلا جُناحَ عَلَیْهِ اَنْ یَطَّوَفَ بِهِما، وَ مَنْ تَطَوَّعَ خَیْراً فَاِنَّ اللّهَ شاکِرٌ عَلِیمٌ",دور پنجم
44,45,اَللّهُ اَکْبَرُ اَللّهُ اَکْبَرُ، اَللّهُ اَکْبَرُ وَ لِلّهِ الْحَمْدُ، لا اِلهَ اِلاَّ اللّهُ وَحْدَهُ، صَدَقَ وَعْدَهُ، وَ نَصَرَ عَبْدَهُ، وَ هَزَمَ الاَْحْزابَ وَحْدَهُ، لا اِلهَ اِلاَّ اللّهُ، وَ لا نَعْبُدُ اِلاّ اِیّاهُ، مُخْلِصِینَ لَهُ الدِّینَ، وَ لَوْ کَرِهَ الْکافِرونَ. اَلّلهُمَّ اِنِّی اَسْئَلُکَ الْهُدى وَ التُّقى وَ الْعِفافَ وَ الْغِنى، اَلّلهُمَّ لَکَ الْحَمْدُ کَالَّذِی تَقُولُ، وَ خَیْراً مِمّا تَقْولُ، اَلّلهُمَّ اِنِّی اَسْئَلُکَ رِضاکَ وَ الْجَنَّةَ، وَ اَعُوذُ بِکَ مِنْ سَخَطِکَ وَ النّارَ، وَ ما یُقَرّبُنِی اِلَیْها مِنْ قَوْل وَ فِعْل اَوْ عَمَل، اَلّلهُمَّ بِنُورِکَ اهْتَدَیْنا، وَ بِفَضْلِکَ اسْتَغْنَیْنا، وَ فِی کَنَفِکَ وَ اِنْعامِکَ وَ عَطائِکَ وَ اِحْسانِکَ اَصْبَحْنا وَ اَمْسَیْنا، اَنْتَ الاَْوَّلُ فَلا قَبْلَکَ شَىْءٌ، وَ الاْخِرُ فَلا بَعْدَکَ شَىْءٌ، وَ الظّاهِرُ فَلا شَىْءَ فَوْقَکَ، وَ البْاطِنُ فَلا شَىْءَ دُونَکَ، نَعُوذُ بِکَ مِنَ الْفَلْسِ وَ الْکَسَلِ وَ عَذابِ الْقَبْرِ، وَ فِتْنَةِ الْغِنى، و نَسْئَلُکَ الْفَوْزَ بِالْجَنَّةِ. رَبِّ اغْفِرْ وَ ارْحَمْ، وَ اعْفُ وَ تَکَرَّمْ، وَ تَجاوَزْ عَمّا تَعْلَمُ، اِنَّکَ تَعْلَمُ ما لا نَعْلَمُ، اِنَّکَ اَنْتَ اللّهُ الاَْعَزُّ الاَْکْرَمُ. اِنَّ الصَّفا وَ الْمَرْوَةَ مِنْ شَعائِرِ اللّهِ فَمَنْ حَجَّ الْبَیْتَ اَوِ اعْتَمَرَ فَلا جُناحَ عَلَیْهِ اَنْ یَطَّوَفَ بِهِما، وَ مَنْ تَطَوَّعَ خَیْراً فَاِنَّ اللّهَ شاکِرٌ عَلِیمٌ,دور ششم
45,46,اَللّهُ اَکْبَرُ اَللّهُ اَکْبَرُ، اَللّهُ اَکْبَرُ کَبِیراً، و الْحَمْدُ لِلّهِ کَثِیراً، اَلّلهُمَّ حَبِّبْ اِلَىَّ الاِْیمانَ وَ زَیِّنْهُ فِی قَلْبِی، وَ کَرِّهْ اِلَىَّ الْکُفْرَ وَ الْفُسُوقَ وَ الْعِصْیانَ، وَ اجْعَلْنِی مِنَ الرّشِدِینَ. رَبِّ اغْفِرْ وَ ارْحَمْ، وَ اعْفُ وَ تَکَرَّمْ، وَ تَجاوَزْ عَمّا تَعْلَمُ، اِنّکَ تَعْلَمُ ما لا نَعْلَمُ، اِنَّکَ اَنْتَ اللّهُ الاَْعَزُّ الاَْکْرَمُ، اَلّلهُمَّ اخْتِمْ بِالْخَیْراتِ آجالَنا، وَ حَقِّقْ بِفَضْلِکَ آمالَنا، وَ سَهِّلْ لِبُلُوغِ رِضاکَ سُبُلَنا، وَ حَسِّنْ فِی جَمِیعِ الاَْحْوالِ اَعْمالَنا. یا مُنْقِذَ الْغَرقى، یا مُنجِىَ الْهَلْکى، یا شاهِدَ کُلِّ نَجْوى، یا مُنْتَهى کُلِّ شَکْوى، یا قَدِیمَ الاِْحْسانِ، یا دائِمَ الْمَعْرُوفِ، یا مَنْ لا غِنى بِشىْء عَنْهُ، وَ لابُدَّ لِکُلِّ شَىْء مِنْهُ، یا مَنْ رِزْقُ کُلِّ شَىْء عَلَیْهِ، وَ مَصِیرُ کُلِّ شَىْء اِلَیْهِ. اَلّلْهُمَّ اِنِّی عائِذٌ بِکَ مِنْ شَرِّ ما اَعْطَیْتَنا، وَ مِنْ شَرِّ ما مَنَعْتَنا. اَلّلهُمَّ تَوَفَّنا مُسْلِمِینَ، وَ اَلْحِقْنا بَالصّالِحِینَ، غَیْرَ خَزایا وَ لا مَفْتُونینَ، رَبِّ یَسِّرْ وَ لا تُعَسِّرْ، رَبِّ اَتْمِمْ بِالْخَیْر. اِنَّ الصَّفا وَ الْمَرْوَةَ مِنْ شَعائِرِ اللّهِ فَمَنْ حَجَّ الْبَیْتَ اَوِ اعْتَمَرَ فَلا جُناحَ عَلَیْهِ اَنْ یَطَّوَفَ بِهِما، وَ مَنْ تَطَوَّعَ خَیْراً فَاِنَّ اللّهَ شاکِرٌ عَلِیمٌ,دور هفتم
46,52,اللهُمّ اِنّي أعُوذُ بِكَ مِنَ الفَقْرِ وَمِنْ تَشَتّتِ الْاُمُورِ وَمِنْ شَرّ ما يَحْدُثُ بِاللّيْلِ وَالنّهارِ أمْسى‏ ظُلْمِي مُسْتَجِيراً بِعَفْوِكَ وَأمْسى‏ خَوْفي ‏مُسْتَجيراً بِأمانِكَ وَأمْسى‏ ذُنُوبي مُسْتَجِيرَةً بِمَغْفِرَتِكَ وَأمْسى‏ ذُلّي مُسْتَجِيراً بِعِزّكَ وَأمْسى‏ وَجْهِي الْفانِيَ الْبالِي مُسْتَجيراً بِوَجْهِكَ ‏الْباقي يا خَيْرَ مَنْ سُئِلَ وَيا أجوَدَ مَنْ أعْطى‏ جَلّلْنِي بِرَحْمَتِكَ وَأَلْبِسْني عافِيَتَكَ وَاصْرِفْ عَنّي شَرّ جَمِيعِ خَلْقِكَ,نزديك غروب آفتاب
47,53,اللهُمّ لا تَجْعَلْهُ آخِرَ الْعَهْدِ مِنْ هذا الْمَوْقِفِ وَارْزُقْنِيهِ مِنْ قابِلٍ أبَداً ما أبْقَيْتَني وَاقْلِبْنِيَ الْيَوْمَ مُفْلِحاً مُنْجِحاً مُستَجاباً لِي مَرْحُوماً ‏مَغْفُوراً لِي بأفْضَلِ ما يَنْقَلِبُ بِهِ الْيَوْمَ أحَدٌ مِنْ وَفْدِكَ وَحُجّاجِ بَيْتِكَ الْحَرامِ وَاجْعَلْنِيَ الْيَوْمَ مِنْ أكْرَمِ وَفْدِكَ عَلَيْكَ وَأعْطِني أفْضَلَ ما ‏أعْطَيْتَ أحَداً مِنْهُمْ مِنَ الْخَيْرِ وَالْبَرَكَةِ وَالرّحْمَةِ والرّضْوانِ وَالْمَغْفِرَةِ وَبارِكْ لِي فِيما أرْجِعُ اِلَيْهِ مِنْ أهْلٍ أوْ مالٍ أوْ قَلِيلٍ أوْ كَثيرٍ ‏وَبارِكْ لَهُمْ فِيّ,بعد از غروب آفتاب
48,56,وَجّهْتُ وَجْهِيَ لِلّذِي فَطَرَ السّماواتِ وَالْاَرْضَ حَنِيفاً مُسْلِماً وَما أَنَا مِنَ الْمُشْرِكينَ اِنّ صَلاتِي وَنُسُكي وَمَحْيايَ وَمَمَاتِي للّهِ رَبّ ‏الْعالَمِينَ لا شَرِيكَ لَهُ وَبِذلِكَ اُمِرْتُ وَأنا مِنَ الْمُسْلِمِينَ، اللّهُمّ مِنْكَ وَلَكَ بِسْمِ اللّهِ وَاللّهُ أكْبَرُ، أللّهُمّ تَقَبّلْ مِنّي,ذبح
