ID,NAME,AUDIO_PATH,NAME_1
1,Khutba - 001 ,khutba001.mp3,Khutba
2,Khutba - 002 ,khutba002.mp3,Khutba
3,Khutba - 007,khutba007.mp3,Khutba
4,Khutba - 011,khutba011.mp3,Khutba
5,Khutba - 016,khutba016.mp3,Khutba
6,Khutba - 017,khutba017.mp3,Khutba
7,Khutba - 018,khutba018.mp3,Khutba
8,Khutba - 022,khutba022.mp3,Khutba
9,Khutba - 024,khutba024.mp3,Khutba
10,Khutba - 026,khutba026.mp3,Khutba
11,Khutba - 027,khutba027.mp3,Khutba
12,Khutba - 029,khutba029.mp3,Khutba
13,Khutba - 033,khutba033.mp3,Khutba
14,Khutba - 034,khutba034.mp3,Khutba
15,Khutba - 036,khutba036.mp3,Khutba
16,Khutba - 039,khutba039.mp3,Khutba
17,Khutba - 040,khutba040.mp3,Khutba
18,Khutba - 041,khutba041.mp3,Khutba
19,Khutba - 045,khutba045.mp3,Khutba
20,Khutba - 046,khutba046.mp3,Khutba
21,Khutba - 047,khutba047.mp3,Khutba
22,Khutba - 049,khutba049.mp3,Khutba
23,Khutba - 056,khutba056.mp3,Khutba
24,Khutba - 058,khutba058.mp3,Khutba
25,Khutba - 061,khutba061.mp3,Khutba
26,Khutba - 062,khutba062.mp3,Khutba
27,Khutba - 063,khutba063.mp3,Khutba
28,Khutba - 064,khutba064.mp3,Khutba
29,Khutba - 065,khutba065.mp3,Khutba
30,Khutba - 067,khutba067.mp3,Khutba
31,Khutba - 068,khutba068.mp3,Khutba
32,Khutba - 069,khutba069.mp3,Khutba
33,Khutba - 070,khutba070.mp3,Khutba
34,Khutba - 076,khutba076.mp3,Khutba
35,Khutba - 081,khutba081.mp3,Khutba
36,Khutba - 084,khutba084.mp3,Khutba
37,Khutba - 088,khutba088.mp3,Khutba
38,Khutba - 090,khutba090.mp3,Khutba
39,Khutba - 091,khutba091.mp3,Khutba
40,Khutba - 092,khutba092.mp3,Khutba
41,Khutba - 093,khutba093.mp3,Khutba
42,Khutba - 094,khutba094.mp3,Khutba
43,Khutba - 095,khutba095.mp3,Khutba
44,Khutba - 099,khutba099.mp3,Khutba
45,Khutba - 100,khutba100.mp3,Khutba
46,Khutba - 101,khutba101.mp3,Khutba
47,Khutba - 102,khutba102.mp3,Khutba
48,Khutba - 104,khutba104.mp3,Khutba
49,Khutba - 105,khutba105.mp3,Khutba
50,Khutba - 107,khutba107.mp3,Khutba
51,Khutba - 108,khutba108.mp3,Khutba
52,Khutba - 110,khutba110.mp3,Khutba
53,Khutba - 111,khutba111.mp3,Khutba
54,Khutba - 112,khutba112.mp3,Khutba
55,Khutba - 113,khutba113.mp3,Khutba
56,Khutba - 114,khutba114.mp3,Khutba
57,Khutba - 115,khutba115.mp3,Khutba
58,Khutba - 116,khutba116.mp3,Khutba
59,Khutba - 117,khutba117.mp3,Khutba
60,Khutba - 118,khutba118.mp3,Khutba
61,Khutba - 119,khutba119.mp3,Khutba
62,Khutba - 120,khutba120.mp3,Khutba
63,Khutba - 121,khutba121.mp3,Khutba
64,Khutba - 122,khutba122.mp3,Khutba
65,Khutba - 123,khutba123.mp3,Khutba
66,Khutba - 124,khutba124.mp3,Khutba
67,Khutba - 125,khutba125.mp3,Khutba
68,Khutba - 126,khutba126.mp3,Khutba
69,Khutba - 128,khutba128.mp3,Khutba
70,Khutba - 129,khutba129.mp3,Khutba
71,Khutba - 131,khutba131.mp3,Khutba
72,Khutba - 132,khutba132.mp3,Khutba
73,Khutba - 134,khutba134.mp3,Khutba
74,Khutba - 136,khutba136.mp3,Khutba
75,Khutba - 137,khutba137.mp3,Khutba
76,Khutba - 141,khutba141.mp3,Khutba
77,Khutba - 142,khutba142.mp3,Khutba
78,Khutba - 144,khutba144.mp3,Khutba
79,Khutba - 145,khutba145.mp3,Khutba
80,Khutba - 147,khutba147.mp3,Khutba
81,Khutba - 148,khutba148.mp3,Khutba
82,Khutba - 150,khutba150.mp3,Khutba
83,Khutba - 151,khutba151.mp3,Khutba
84,Khutba - 152,khutba152.mp3,Khutba
85,Khutba - 155,khutba155.mp3,Khutba
86,Khutba - 158,khutba158.mp3,Khutba
87,Khutba - 160,khutba160.mp3,Khutba
88,Khutba - 161,khutba161.mp3,Khutba
89,Khutba - 163,khutba163.mp3,Khutba
90,Khutba - 165,khutba165.mp3,Khutba
91,Khutba - 169,khutba169.mp3,Khutba
92,Khutba - 171,khutba171.mp3,Khutba
93,Khutba - 173,khutba173.mp3,Khutba
94,Khutba - 174,khutba174.mp3,Khutba
95,Khutba - 175,khutba175.mp3,Khutba
96,Khutba - 177,khutba177.mp3,Khutba
97,Khutba - 178,khutba178.mp3,Khutba
98,Khutba - 179,khutba179.mp3,Khutba
99,Khutba - 180,khutba180.mp3,Khutba
100,Khutba - 181,khutba181.mp3,Khutba
101,Khutba - 182,khutba182.mp3,Khutba
102,Khutba - 183,khutba183.mp3,Khutba
103,Khutba - 185,khutba185.mp3,Khutba
104,Khutba - 188,khutba188.mp3,Khutba
105,Khutba - 190,khutba190.mp3,Khutba
106,Khutba - 191,khutba191.mp3,Khutba
107,Khutba - 194,khutba194.mp3,Khutba
108,Khutba - 195,khutba195.mp3,Khutba
109,Khutba - 196,khutba196.mp3,Khutba
110,Khutba - 197,khutba197.mp3,Khutba
111,Khutba - 199,khutba199.mp3,Khutba
112,Khutba - 200,khutba200.mp3,Khutba
113,Khutba - 201,khutba201.mp3,Khutba
114,Khutba - 202,khutba202.mp3,Khutba
115,Khutba - 204,khutba204.mp3,Khutba
116,Khutba - 205,khutba205.mp3,Khutba
117,Khutba - 207,khutba207.mp3,Khutba
118,Khutba - 208,khutba208.mp3,Khutba
119,Khutba - 209,khutba209.mp3,Khutba
120,Khutba - 210,khutba210.mp3,Khutba
121,Khutba - 212,khutba212.mp3,Khutba
122,Khutba - 214,khutba214.mp3,Khutba
123,Khutba - 218,khutba218.mp3,Khutba
124,Khutba - 219,khutba219.mp3,Khutba
125,Khutba - 220,khutba220.mp3,Khutba
126,Khutba - 221,khutba221.mp3,Khutba
127,Khutba - 222,khutba222.mp3,Khutba
128,Khutba - 223,khutba223.mp3,Khutba
129,Khutba - 224,khutba224.mp3,Khutba
130,Khutba - 226,khutba226.mp3,Khutba
131,Khutba - 227,khutba227.mp3,Khutba
132,Khutba - 228,khutba228.mp3,Khutba
133,Khutba - 229,khutba229.mp3,Khutba
134,Khutba - 230,khutba230.mp3,Khutba
135,Khutba - 231,khutba231.mp3,Khutba
136,Khutba - 232,khutba232.mp3,Khutba
137,Khutba - 233,khutba233.mp3,Khutba
138,Khutba - 234,khutba234.mp3,Khutba
139,Khutba - 236,khutba236.mp3,Khutba
140,Khutba - 238,khutba238.mp3,Khutba
141,Maktoob - 02,maktoob02.mp3,Maktoob
142,Maktoob - 05,maktoob05.mp3,Maktoob
143,Maktoob - 11,maktoob11.mp3,Maktoob
144,Maktoob - 12,maktoob12.mp3,Maktoob
145,Maktoob - 13,maktoob13.mp3,Maktoob
146,Maktoob - 14,maktoob14.mp3,Maktoob
147,Maktoob - 15,maktoob15.mp3,Maktoob
148,Maktoob - 16,maktoob16.mp3,Maktoob
149,Maktoob - 18,maktoob18.mp3,Maktoob
150,Maktoob - 19,maktoob19.mp3,Maktoob
151,Maktoob - 20,maktoob20.mp3,Maktoob
152,Maktoob - 21,maktoob21.mp3,Maktoob
153,Maktoob - 22,maktoob22.mp3,Maktoob
154,Maktoob - 23,maktoob23.mp3,Maktoob
155,Maktoob - 24,maktoob24.mp3,Maktoob
156,Maktoob - 25,maktoob25.mp3,Maktoob
157,Maktoob - 26,maktoob26.mp3,Maktoob
158,Maktoob - 27,maktoob27.mp3,Maktoob
159,Maktoob - 29,maktoob29.mp3,Maktoob
160,Maktoob - 31 - Wasiyat Nama,maktoob31.mp3,Maktoob
161,Maktoob - 33,maktoob33.mp3,Maktoob
162,Maktoob - 34,maktoob34.mp3,Maktoob
163,Maktoob - 35,maktoob35.mp3,Maktoob
164,Maktoob - 36,maktoob36.mp3,Maktoob
165,Maktoob - 40,maktoob40.mp3,Maktoob
166,Maktoob - 41,maktoob41.mp3,Maktoob
167,Maktoob - 42,maktoob42.mp3,Maktoob
168,Maktoob - 43,maktoob43.mp3,Maktoob
169,Maktoob - 45,maktoob45.mp3,Maktoob
170,Maktoob - 46,maktoob46.mp3,Maktoob
171,Maktoob - 47,maktoob47.mp3,Maktoob
172,Maktoob - 50,maktoob50.mp3,Maktoob
173,Maktoob - 51,maktoob51.mp3,Maktoob
174,Maktoob - 52,maktoob52.mp3,Maktoob
175,Maktoob - 53 - Ahadnama,maktoob53.mp3,Maktoob
176,Maktoob - 56,maktoob56.mp3,Maktoob
177,Maktoob - 57,maktoob57.mp3,Maktoob
178,Maktoob - 59,maktoob59.mp3,Maktoob
179,Maktoob - 60,maktoob60.mp3,Maktoob
180,Maktoob - 61,maktoob61.mp3,Maktoob
181,Maktoob - 62,maktoob62.mp3,Maktoob
182,Maktoob - 63,maktoob63.mp3,Maktoob
183,Maktoob - 67,maktoob67.mp3,Maktoob
184,Maktoob - 68,maktoob68.mp3,Maktoob
185,Maktoob - 69,maktoob69.mp3,Maktoob
186,Maktoob - 71,maktoob71.mp3,Maktoob
187,Maktoob - 72,maktoob72.mp3,Maktoob
188,Maktoob - 74,maktoob74.mp3,Maktoob
189,Maktoob - 76,maktoob76.mp3,Maktoob
190,Maktoob - 77,maktoob77.mp3,Maktoob
191,Maktoob - 78,maktoob78.mp3,Maktoob
192,Aqwal - 001,aqwal001.mp3,Aqwal
193,Aqwal - 002,aqwal002.mp3,Aqwal
194,Aqwal - 003,aqwal003.mp3,Aqwal
195,Aqwal - 005,aqwal005.mp3,Aqwal
196,Aqwal - 009,aqwal009.mp3,Aqwal
197,Aqwal - 012,aqwal012.mp3,Aqwal
198,Aqwal - 013,aqwal013.mp3,Aqwal
199,Aqwal - 015,aqwal015.mp3,Aqwal
200,Aqwal - 017,aqwal017.mp3,Aqwal
201,Aqwal - 019,aqwal019.mp3,Aqwal
202,Aqwal - 020,aqwal020.mp3,Aqwal
203,Aqwal - 025,aqwal025.mp3,Aqwal
204,Aqwal - 027,aqwal027.mp3,Aqwal
205,Aqwal - 028,aqwal028.mp3,Aqwal
206,Aqwal - 030,aqwal030.mp3,Aqwal
207,Aqwal - 031,aqwal031.mp3,Aqwal
208,Aqwal - 034,aqwal034.mp3,Aqwal
209,Aqwal - 035,aqwal035.mp3,Aqwal
210,Aqwal - 037,aqwal037.mp3,Aqwal
211,Aqwal - 038,aqwal038.mp3,Aqwal
212,Aqwal - 039,aqwal039.mp3,Aqwal
213,Aqwal - 040,aqwal040.mp3,Aqwal
214,Aqwal - 041,aqwal041.mp3,Aqwal
215,Aqwal - 042,aqwal042.mp3,Aqwal
216,Aqwal - 044,aqwal044.mp3,Aqwal
217,Aqwal - 045,aqwal045.mp3,Aqwal
218,Aqwal - 046,aqwal046.mp3,Aqwal
219,Aqwal - 047,aqwal047.mp3,Aqwal
220,Aqwal - 048,aqwal048.mp3,Aqwal
221,Aqwal - 049,aqwal049.mp3,Aqwal
222,Aqwal - 050,aqwal050.mp3,Aqwal
223,Aqwal - 051,aqwal051.mp3,Aqwal
224,Aqwal - 052,aqwal052.mp3,Aqwal
225,Aqwal - 053,aqwal053.mp3,Aqwal
226,Aqwal - 054,aqwal054.mp3,Aqwal
227,Aqwal - 055,aqwal055.mp3,Aqwal
228,Aqwal - 056,aqwal056.mp3,Aqwal
229,Aqwal - 057,aqwal057.mp3,Aqwal
230,Aqwal - 058,aqwal058.mp3,Aqwal
231,Aqwal - 059,aqwal059.mp3,Aqwal
232,Aqwal - 060,aqwal060.mp3,Aqwal
233,Aqwal - 062,aqwal062.mp3,Aqwal
234,Aqwal - 064,aqwal064.mp3,Aqwal
235,Aqwal - 065,aqwal065.mp3,Aqwal
236,Aqwal - 066,aqwal066.mp3,Aqwal
237,Aqwal - 067,aqwal067.mp3,Aqwal
238,Aqwal - 068,aqwal068.mp3,Aqwal
239,Aqwal - 069,aqwal069.mp3,Aqwal
240,Aqwal - 071,aqwal071.mp3,Aqwal
241,Aqwal - 072,aqwal072.mp3,Aqwal
242,Aqwal - 073,aqwal073.mp3,Aqwal
243,Aqwal - 074,aqwal074.mp3,Aqwal
244,Aqwal - 077,aqwal077.mp3,Aqwal
245,Aqwal - 079,aqwal079.mp3,Aqwal
246,Aqwal - 080,aqwal080.mp3,Aqwal
247,Aqwal - 081,aqwal081.mp3,Aqwal
248,Aqwal - 083,aqwal083.mp3,Aqwal
249,Aqwal - 084,aqwal084.mp3,Aqwal
250,Aqwal - 085,aqwal085.mp3,Aqwal
251,Aqwal - 086,aqwal086.mp3,Aqwal
252,Aqwal - 087,aqwal087.mp3,Aqwal
253,Aqwal - 088,aqwal088.mp3,Aqwal
254,Aqwal - 089,aqwal089.mp3,Aqwal
255,Aqwal - 090,aqwal090.mp3,Aqwal
256,Aqwal - 092,aqwal092.mp3,Aqwal
257,Aqwal - 093,aqwal093.mp3,Aqwal
258,Aqwal - 094,aqwal094.mp3,Aqwal
259,Aqwal - 096,aqwal096.mp3,Aqwal
260,Aqwal - 097,aqwal097.mp3,Aqwal
261,Aqwal - 098,aqwal098.mp3,Aqwal
262,Aqwal - 101,aqwal101.mp3,Aqwal
263,Aqwal - 102,aqwal102.mp3,Aqwal
264,Aqwal - 103,aqwal103.mp3,Aqwal
265,Aqwal - 104,aqwal104.mp3,Aqwal
266,Aqwal - 105,aqwal105.mp3,Aqwal
267,Aqwal - 106,aqwal106.mp3,Aqwal
268,Aqwal - 107,aqwal107.mp3,Aqwal
269,Aqwal - 108,aqwal108.mp3,Aqwal
270,Aqwal - 109,aqwal109.mp3,Aqwal
271,Aqwal - 110,aqwal110.mp3,Aqwal
272,Aqwal - 111-112,aqwal111.mp3,Aqwal
273,The Closing,close.mp3,
